id,line_id,point_id,lat,lon
0,0,0,38.5282945400,-111.7517140000
1,0,1,38.5283128600,-111.7517140000
2,0,2,38.5283311800,-111.7516910000
3,0,3,38.5283495000,-111.7516910000
4,0,4,38.5283678100,-111.7516910000
5,0,5,38.5283861200,-111.7516910000
6,0,6,38.5284044500,-111.7516680000
7,0,7,38.5284227600,-111.7516680000
8,0,8,38.5284410700,-111.7516680000
9,0,9,38.5284593800,-111.7516680000
10,0,10,38.5284777100,-111.7516450000
11,0,11,38.5284960200,-111.7516450000
12,0,12,38.5284960200,-111.7516450000
13,0,13,38.5285143500,-111.7516210000
14,0,14,38.5285326700,-111.7515980000
15,0,15,38.5285509800,-111.7515980000
16,0,16,38.5285693100,-111.7515750000
17,0,17,38.5285876400,-111.7515510000
18,0,18,38.5286059600,-111.7515280000
19,0,19,38.5286242900,-111.7515050000
20,0,20,38.5286426000,-111.7515050000
21,0,21,38.5286609200,-111.7514810000
22,0,22,38.5286792500,-111.7514580000
23,0,23,38.5286792500,-111.7514580000
24,0,24,38.5286975700,-111.7514350000
25,0,25,38.5287159000,-111.7514120000
26,0,26,38.5287159100,-111.7513880000
27,0,27,38.5287342400,-111.7513650000
28,0,28,38.5287342400,-111.7513650000
29,0,29,38.5287342500,-111.7513420000
30,0,30,38.5287342600,-111.7513180000
31,0,31,38.5287525900,-111.7512950000
32,0,32,38.5287526000,-111.7512720000
33,0,33,38.5287526100,-111.7512480000
34,0,34,38.5287526100,-111.7512480000
35,0,35,38.5287709400,-111.7512250000
36,0,36,38.5287892600,-111.7512020000
37,0,37,38.5287892800,-111.7511790000
38,0,38,38.5288076000,-111.7511550000
39,0,39,38.5288259300,-111.7511320000
40,0,40,38.5288442500,-111.7511090000
41,0,41,38.5288442600,-111.7510850000
42,0,42,38.5288625900,-111.7510620000
43,0,43,38.5288625900,-111.7510620000
44,0,44,38.5288626000,-111.7510390000
45,0,45,38.5288443000,-111.7510150000
46,0,46,38.5288443200,-111.7509920000
47,0,47,38.5288443300,-111.7509690000
48,0,48,38.5288443400,-111.7509450000
49,0,49,38.5288260400,-111.7509220000
50,0,50,38.5288260500,-111.7508990000
51,0,51,38.5288260700,-111.7508760000
52,0,52,38.5288260800,-111.7508520000
53,0,53,38.5288077800,-111.7508290000
54,0,54,38.5288077900,-111.7508060000
55,0,55,38.5288078000,-111.7507820000
56,0,56,38.5288078000,-111.7507820000
57,0,57,38.5288078200,-111.7507590000
58,0,58,38.5287895200,-111.7507360000
59,0,59,38.5287895300,-111.7507120000
60,0,60,38.5287712300,-111.7506890000
61,0,61,38.5287712400,-111.7506660000
62,0,62,38.5287529400,-111.7506420000
63,0,63,38.5287529500,-111.7506190000
64,0,64,38.5287346500,-111.7505960000
65,0,65,38.5287346700,-111.7505720000
66,0,66,38.5287163700,-111.7505490000
67,0,67,38.5287163800,-111.7505260000
68,0,68,38.5287163800,-111.7505260000
69,0,69,38.5286980800,-111.7505020000
70,0,70,38.5286797800,-111.7504790000
71,0,71,38.5286797900,-111.7504560000
72,0,72,38.5286614900,-111.7504320000
73,0,73,38.5286431900,-111.7504090000
74,0,74,38.5286248900,-111.7503860000
75,0,75,38.5286065900,-111.7503620000
76,0,76,38.5286066000,-111.7503390000
77,0,77,38.5285883000,-111.7503160000
78,0,78,38.5285700000,-111.7502920000
79,0,79,38.5285700000,-111.7502920000
80,0,80,38.5285517000,-111.7502690000
81,0,81,38.5285334000,-111.7502460000
82,0,82,38.5285151000,-111.7502220000
83,0,83,38.5284968000,-111.7501990000
84,0,84,38.5284785000,-111.7501760000
85,0,85,38.5284602000,-111.7501520000
86,0,86,38.5284419000,-111.7501290000
87,0,87,38.5284419000,-111.7501290000
88,0,88,38.5284235900,-111.7501290000
89,0,89,38.5284052900,-111.7501060000
90,0,90,38.5283869800,-111.7501060000
91,0,91,38.5283686800,-111.7500820000
92,0,92,38.5283503700,-111.7500820000
93,0,93,38.5283320700,-111.7500590000
94,0,94,38.5283137500,-111.7500590000
95,0,95,38.5282954400,-111.7500590000
96,0,96,38.5282771400,-111.7500360000
97,0,97,38.5282588300,-111.7500360000
98,0,98,38.5282405300,-111.7500120000
99,0,99,38.5282222200,-111.7500120000
100,0,100,38.5282039200,-111.7499890000
101,0,101,38.5281856000,-111.7499890000
102,0,102,38.5281856000,-111.7499890000
103,0,103,38.5281672800,-111.7500120000
104,0,104,38.5281489500,-111.7500360000
105,0,105,38.5281306400,-111.7500360000
106,0,106,38.5281123200,-111.7500590000
107,0,107,38.5280939900,-111.7500820000
108,0,108,38.5280756700,-111.7501060000
109,0,109,38.5280573500,-111.7501060000
110,0,110,38.5280390300,-111.7501290000
111,0,111,38.5280390300,-111.7501290000
112,0,112,38.5280390200,-111.7501520000
113,0,113,38.5280206900,-111.7501750000
114,0,114,38.5280206800,-111.7501990000
115,0,115,38.5280023500,-111.7502220000
116,0,116,38.5280023400,-111.7502450000
117,0,117,38.5280023300,-111.7502690000
118,0,118,38.5279840000,-111.7502920000
119,0,119,38.5279839900,-111.7503150000
120,0,120,38.5279838500,-111.7505720000
121,0,121,38.5279838700,-111.7505480000
122,0,122,38.5279838800,-111.7505250000
123,0,123,38.5279838900,-111.7505020000
124,0,124,38.5279839000,-111.7504780000
125,0,125,38.5279839200,-111.7504550000
126,0,126,38.5279839300,-111.7504320000
127,0,127,38.5279839400,-111.7504090000
128,0,128,38.5279839500,-111.7503850000
129,0,129,38.5279839700,-111.7503620000
130,0,130,38.5279839800,-111.7503390000
131,0,131,38.5279839900,-111.7503150000
132,0,132,38.5279838500,-111.7505720000
133,0,133,38.5279655400,-111.7505720000
134,0,134,38.5279472300,-111.7505720000
135,0,135,38.5279289100,-111.7505720000
136,0,136,38.5279106000,-111.7505720000
137,0,137,38.5278922900,-111.7505720000
138,0,138,38.5278739800,-111.7505720000
139,0,139,38.5278556600,-111.7505720000
140,0,140,38.5278373500,-111.7505720000
141,0,141,38.5278190400,-111.7505720000
142,0,142,38.5278190400,-111.7505720000
143,0,143,38.5278007400,-111.7505480000
144,0,144,38.5277824300,-111.7505480000
145,0,145,38.5277641300,-111.7505250000
146,0,146,38.5277458100,-111.7505250000
147,0,147,38.5277275100,-111.7505020000
148,0,148,38.5277092000,-111.7505020000
149,0,149,38.5276909000,-111.7504780000
150,0,150,38.5276725900,-111.7504780000
151,0,151,38.5276542900,-111.7504550000
152,0,152,38.5276359800,-111.7504550000
153,0,153,38.5276359800,-111.7504550000
154,0,154,38.5276359900,-111.7504320000
155,0,155,38.5276176900,-111.7504080000
156,0,156,38.5276177000,-111.7503850000
157,0,157,38.5275994000,-111.7503620000
158,0,158,38.5275994100,-111.7503380000
159,0,159,38.5275994300,-111.7503150000
160,0,160,38.5275811300,-111.7502920000
161,0,161,38.5275811400,-111.7502680000
162,0,162,38.5275811400,-111.7502680000
163,0,163,38.5275811500,-111.7502450000
164,0,164,38.5275994800,-111.7502220000
165,0,165,38.5275994900,-111.7501980000
166,0,166,38.5275995000,-111.7501750000
167,0,167,38.5275995100,-111.7501520000
168,0,168,38.5276178400,-111.7501280000
169,0,169,38.5276178500,-111.7501050000
170,0,170,38.5276178600,-111.7500820000
171,0,171,38.5276178600,-111.7500820000
172,0,172,38.5276178800,-111.7500590000
173,0,173,38.5276178900,-111.7500350000
174,0,174,38.5276179000,-111.7500120000
175,0,175,38.5276179100,-111.7499890000
176,0,176,38.5276179300,-111.7499650000
177,0,177,38.5276179400,-111.7499420000
178,0,178,38.5276179500,-111.7499190000
179,0,179,38.5276179600,-111.7498950000
180,0,180,38.5276179800,-111.7498720000
181,0,181,38.5276179900,-111.7498490000
182,0,182,38.5276180000,-111.7498250000
183,0,183,38.5276180100,-111.7498020000
184,0,184,38.5276180300,-111.7497790000
185,0,185,38.5276180400,-111.7497550000
186,0,186,38.5276180400,-111.7497550000
187,0,187,38.5276180500,-111.7497320000
188,0,188,38.5276180600,-111.7497090000
189,0,189,38.5276180800,-111.7496860000
190,0,190,38.5276180900,-111.7496620000
191,0,191,38.5276181000,-111.7496390000
192,0,192,38.5276181100,-111.7496160000
193,0,193,38.5276181200,-111.7495920000
194,0,194,38.5276181400,-111.7495690000
195,0,195,38.5276181500,-111.7495460000
196,0,196,38.5276181600,-111.7495220000
197,0,197,38.5276181700,-111.7494990000
198,0,198,38.5276181700,-111.7494990000
199,0,199,38.5276364900,-111.7494990000
200,0,200,38.5276548100,-111.7494760000
201,0,201,38.5276731200,-111.7494760000
202,0,202,38.5276914500,-111.7494520000
203,0,203,38.5277097600,-111.7494520000
204,0,204,38.5277280700,-111.7494520000
205,0,205,38.5277464000,-111.7494290000
206,0,206,38.5277647100,-111.7494290000
207,0,207,38.5277647100,-111.7494290000
208,0,208,38.5277830200,-111.7494290000
209,0,209,38.5278013400,-111.7494290000
210,0,210,38.5278196400,-111.7494530000
211,0,211,38.5278379500,-111.7494530000
212,0,212,38.5278562600,-111.7494530000
213,0,213,38.5278745700,-111.7494530000
214,0,214,38.5278928700,-111.7494760000
215,0,215,38.5279111900,-111.7494760000
216,0,216,38.5279295000,-111.7494760000
217,0,217,38.5279295000,-111.7494760000
218,0,218,38.5279478100,-111.7494760000
219,0,219,38.5279661300,-111.7494760000
220,0,220,38.5279844400,-111.7494760000
221,0,221,38.5280027400,-111.7494990000
222,0,222,38.5280210500,-111.7494990000
223,0,223,38.5280393600,-111.7494990000
224,0,224,38.5280576800,-111.7494990000
225,0,225,38.5280759900,-111.7494990000
226,0,226,38.5280759900,-111.7494990000
227,0,227,38.5280943000,-111.7494990000
228,0,228,38.5281126300,-111.7494760000
229,0,229,38.5281309400,-111.7494760000
230,0,230,38.5281492500,-111.7494760000
231,0,231,38.5281675800,-111.7494530000
232,0,232,38.5281858900,-111.7494530000
233,0,233,38.5282042000,-111.7494530000
234,0,234,38.5282225100,-111.7494530000
235,0,235,38.5282408400,-111.7494300000
236,0,236,38.5282591500,-111.7494300000
237,0,237,38.5282591500,-111.7494300000
238,0,238,38.5282774600,-111.7494300000
239,0,239,38.5282957800,-111.7494300000
240,0,240,38.5283140900,-111.7494300000
241,0,241,38.5283324000,-111.7494300000
242,0,242,38.5283507100,-111.7494300000
243,0,243,38.5283690400,-111.7494060000
244,0,244,38.5283873500,-111.7494060000
245,0,245,38.5284056600,-111.7494060000
246,0,246,38.5284239800,-111.7494060000
247,0,247,38.5284422900,-111.7494060000
248,0,248,38.5284606000,-111.7494060000
249,0,249,38.5284606000,-111.7494060000
250,0,250,38.5284606100,-111.7493830000
251,0,251,38.5284789400,-111.7493600000
252,0,252,38.5284789500,-111.7493370000
253,0,253,38.5284789600,-111.7493130000
254,0,254,38.5284972900,-111.7492900000
255,0,255,38.5284973000,-111.7492670000
256,0,256,38.5284973100,-111.7492430000
257,0,257,38.5285156400,-111.7492200000
258,0,258,38.5285156500,-111.7491970000
259,0,259,38.5285156500,-111.7491970000
260,0,260,38.5285156600,-111.7491730000
261,0,261,38.5285339900,-111.7491500000
262,0,262,38.5285340000,-111.7491270000
263,0,263,38.5285340100,-111.7491030000
264,0,264,38.5285523400,-111.7490800000
265,0,265,38.5285523500,-111.7490570000
266,0,266,38.5285523600,-111.7490340000
267,0,267,38.5285523700,-111.7490100000
268,0,268,38.5285707000,-111.7489870000
269,0,269,38.5285707100,-111.7489640000
270,0,270,38.5285707100,-111.7489640000
271,0,271,38.5285890200,-111.7489640000
272,0,272,38.5286073300,-111.7489640000
273,0,273,38.5286256500,-111.7489640000
274,0,274,38.5286439700,-111.7489400000
275,0,275,38.5286622800,-111.7489400000
276,0,276,38.5286806000,-111.7489400000
277,0,277,38.5286989100,-111.7489400000
278,0,278,38.5287172200,-111.7489400000
279,0,279,38.5287172200,-111.7489400000
280,0,280,38.5287355500,-111.7489170000
281,0,281,38.5287538600,-111.7489170000
282,0,282,38.5287721800,-111.7488940000
283,0,283,38.5287905000,-111.7488940000
284,0,284,38.5288088200,-111.7488710000
285,0,285,38.5288271300,-111.7488710000
286,0,286,38.5288271300,-111.7488710000
287,0,287,38.5288454300,-111.7488940000
288,0,288,38.5288637300,-111.7489170000
289,0,289,38.5288820400,-111.7489410000
290,0,290,38.5288820200,-111.7489640000
291,0,291,38.5289003200,-111.7489870000
292,0,292,38.5289186200,-111.7490110000
293,0,293,38.5289186200,-111.7490110000
294,0,294,38.5289186100,-111.7490340000
295,0,295,38.5289186000,-111.7490570000
296,0,296,38.5289185900,-111.7490810000
297,0,297,38.5289185700,-111.7491040000
298,0,298,38.5289368700,-111.7491270000
299,0,299,38.5289368600,-111.7491500000
300,0,300,38.5289368500,-111.7491740000
301,0,301,38.5289368400,-111.7491970000
302,0,302,38.5289368300,-111.7492200000
303,0,303,38.5289368300,-111.7492200000
304,0,304,38.5289551300,-111.7492440000
305,0,305,38.5289551100,-111.7492670000
306,0,306,38.5289734100,-111.7492900000
307,0,307,38.5289734000,-111.7493140000
308,0,308,38.5289917000,-111.7493370000
309,0,309,38.5289916900,-111.7493600000
310,0,310,38.5290099900,-111.7493840000
311,0,311,38.5290099800,-111.7494070000
312,0,312,38.5290282800,-111.7494300000
313,0,313,38.5290282700,-111.7494540000
314,0,314,38.5290282700,-111.7494540000
315,0,315,38.5290465800,-111.7494540000
316,0,316,38.5290649000,-111.7494300000
317,0,317,38.5290832200,-111.7494300000
318,0,318,38.5291015300,-111.7494300000
319,0,319,38.5291198500,-111.7494070000
320,0,320,38.5291381700,-111.7494070000
321,0,321,38.5291564900,-111.7493840000
322,0,322,38.5291748000,-111.7493840000
323,0,323,38.5291931200,-111.7493840000
324,0,324,38.5292114400,-111.7493610000
325,0,325,38.5292297500,-111.7493610000
326,0,326,38.5292480700,-111.7493610000
327,0,327,38.5292663900,-111.7493370000
328,0,328,38.5292847000,-111.7493370000
329,0,329,38.5292847000,-111.7493370000
330,0,330,38.5293030300,-111.7493140000
331,0,331,38.5293213500,-111.7492910000
332,0,332,38.5293396800,-111.7492670000
333,0,333,38.5293396900,-111.7492440000
334,0,334,38.5293580100,-111.7492210000
335,0,335,38.5293763400,-111.7491970000
336,0,336,38.5293763400,-111.7491970000
337,0,337,38.5293763500,-111.7491740000
338,0,338,38.5293763600,-111.7491510000
339,0,339,38.5293946900,-111.7491280000
340,0,340,38.5293947000,-111.7491040000
341,0,341,38.5293947100,-111.7490810000
342,0,342,38.5293947300,-111.7490580000
343,0,343,38.5294130500,-111.7490340000
344,0,344,38.5294130600,-111.7490110000
345,0,345,38.5294130700,-111.7489880000
346,0,346,38.5294130700,-111.7489880000
347,0,347,38.5294313900,-111.7489880000
348,0,348,38.5294497100,-111.7489640000
349,0,349,38.5294680200,-111.7489640000
350,0,350,38.5294863400,-111.7489640000
351,0,351,38.5295046600,-111.7489410000
352,0,352,38.5295229700,-111.7489410000
353,0,353,38.5295229700,-111.7489410000
354,0,354,38.5295229900,-111.7489180000
355,0,355,38.5295413100,-111.7488950000
356,0,356,38.5295413200,-111.7488710000
357,0,357,38.5295413400,-111.7488480000
358,0,358,38.5295596600,-111.7488250000
359,0,359,38.5295596700,-111.7488010000
360,0,360,38.5295596800,-111.7487780000
361,0,361,38.5295780100,-111.7487550000
362,0,362,38.5295780200,-111.7487310000
363,0,363,38.5295780200,-111.7487310000
364,0,364,38.5295780300,-111.7487080000
365,0,365,38.5295780500,-111.7486850000
366,0,366,38.5295780600,-111.7486610000
367,0,367,38.5295780700,-111.7486380000
368,0,368,38.5295780800,-111.7486150000
369,0,369,38.5295780900,-111.7485920000
370,0,370,38.5295781100,-111.7485680000
371,0,371,38.5295781200,-111.7485450000
372,0,372,38.5295781300,-111.7485220000
373,0,373,38.5295781400,-111.7484980000
374,0,374,38.5295781600,-111.7484750000
375,0,375,38.5295781700,-111.7484520000
376,0,376,38.5295781800,-111.7484280000
377,0,377,38.5295781900,-111.7484050000
378,0,378,38.5295782000,-111.7483820000
379,0,379,38.5295782000,-111.7483820000
380,0,380,38.5295782200,-111.7483580000
381,0,381,38.5295965400,-111.7483350000
382,0,382,38.5295965500,-111.7483120000
383,0,383,38.5295965700,-111.7482880000
384,0,384,38.5295965800,-111.7482650000
385,0,385,38.5296149000,-111.7482420000
386,0,386,38.5296149100,-111.7482190000
387,0,387,38.5296149300,-111.7481950000
388,0,388,38.5296149400,-111.7481720000
389,0,389,38.5296332600,-111.7481490000
390,0,390,38.5296332700,-111.7481250000
391,0,391,38.5296332900,-111.7481020000
392,0,392,38.5296332900,-111.7481020000
393,0,393,38.5296333000,-111.7480790000
394,0,394,38.5296333100,-111.7480550000
395,0,395,38.5296333200,-111.7480320000
396,0,396,38.5296516500,-111.7480090000
397,0,397,38.5296516600,-111.7479850000
398,0,398,38.5296516700,-111.7479620000
399,0,399,38.5296516800,-111.7479390000
400,0,400,38.5296517000,-111.7479150000
401,0,401,38.5296517100,-111.7478920000
402,0,402,38.5296700300,-111.7478690000
403,0,403,38.5296700400,-111.7478460000
404,0,404,38.5296700600,-111.7478220000
405,0,405,38.5296700700,-111.7477990000
406,0,406,38.5296700700,-111.7477990000
407,0,407,38.5296700800,-111.7477760000
408,0,408,38.5296700900,-111.7477520000
409,0,409,38.5296701000,-111.7477290000
410,0,410,38.5296701200,-111.7477060000
411,0,411,38.5296701300,-111.7476820000
412,0,412,38.5296701400,-111.7476590000
413,0,413,38.5296701500,-111.7476360000
414,0,414,38.5296701600,-111.7476120000
415,0,415,38.5296701800,-111.7475890000
416,0,416,38.5296518800,-111.7475660000
417,0,417,38.5296518900,-111.7475420000
418,0,418,38.5296519000,-111.7475190000
419,0,419,38.5296519100,-111.7474960000
420,0,420,38.5296519200,-111.7474730000
421,0,421,38.5296519400,-111.7474490000
422,0,422,38.5296519500,-111.7474260000
423,0,423,38.5296519600,-111.7474030000
424,0,424,38.5296519700,-111.7473790000
425,0,425,38.5296519800,-111.7473560000
426,0,426,38.5296519800,-111.7473560000
427,0,427,38.5296519900,-111.7473330000
428,0,428,38.5296520100,-111.7473090000
429,0,429,38.5296520200,-111.7472860000
430,0,430,38.5296520300,-111.7472630000
431,0,431,38.5296520400,-111.7472390000
432,0,432,38.5296520500,-111.7472160000
433,0,433,38.5296520700,-111.7471930000
434,0,434,38.5296520800,-111.7471690000
435,0,435,38.5296520900,-111.7471460000
436,0,436,38.5296521000,-111.7471230000
437,0,437,38.5296521100,-111.7471000000
438,0,438,38.5296521300,-111.7470760000
439,0,439,38.5296521400,-111.7470530000
440,0,440,38.5296521500,-111.7470300000
441,0,441,38.5296521600,-111.7470060000
442,0,442,38.5296521700,-111.7469830000
443,0,443,38.5296521800,-111.7469600000
444,0,444,38.5296522000,-111.7469360000
445,0,445,38.5296522100,-111.7469130000
446,0,446,38.5296522200,-111.7468900000
447,0,447,38.5296522300,-111.7468660000
448,0,448,38.5296522400,-111.7468430000
449,0,449,38.5296522600,-111.7468200000
450,0,450,38.5296522700,-111.7467960000
451,0,451,38.5296339700,-111.7467730000
452,0,452,38.5296339800,-111.7467500000
453,0,453,38.5296339900,-111.7467270000
454,0,454,38.5296340000,-111.7467030000
455,0,455,38.5296340100,-111.7466800000
456,0,456,38.5296340300,-111.7466570000
457,0,457,38.5296340400,-111.7466330000
458,0,458,38.5296340500,-111.7466100000
459,0,459,38.5296340600,-111.7465870000
460,0,460,38.5296340700,-111.7465630000
461,0,461,38.5296340800,-111.7465400000
462,0,462,38.5296341000,-111.7465170000
463,0,463,38.5296341100,-111.7464930000
464,0,464,38.5296341200,-111.7464700000
465,0,465,38.5296341300,-111.7464470000
466,0,466,38.5296341400,-111.7464230000
467,0,467,38.5296341600,-111.7464000000
468,0,468,38.5296341700,-111.7463770000
469,0,469,38.5296341800,-111.7463540000
470,0,470,38.5296341900,-111.7463300000
471,0,471,38.5296342000,-111.7463070000
472,0,472,38.5296342100,-111.7462840000
473,0,473,38.5296342300,-111.7462600000
474,0,474,38.5296342400,-111.7462370000
475,0,475,38.5296342500,-111.7462140000
476,0,476,38.5296342500,-111.7462140000
477,0,477,38.5296159500,-111.7461900000
478,0,478,38.5296159600,-111.7461670000
479,0,479,38.5295976600,-111.7461440000
480,0,480,38.5295976700,-111.7461200000
481,0,481,38.5295793700,-111.7460970000
482,0,482,38.5295610700,-111.7460740000
483,0,483,38.5295610800,-111.7460500000
484,0,484,38.5295427800,-111.7460270000
485,0,485,38.5295244800,-111.7460040000
486,0,486,38.5295244900,-111.7459800000
487,0,487,38.5295061900,-111.7459570000
488,0,488,38.5295062000,-111.7459340000
489,0,489,38.5294879000,-111.7459100000
490,0,490,38.5294879000,-111.7459100000
491,0,491,38.5294696000,-111.7458870000
492,0,492,38.5294513000,-111.7458640000
493,0,493,38.5294330000,-111.7458400000
494,0,494,38.5294147000,-111.7458170000
495,0,495,38.5293964000,-111.7457940000
496,0,496,38.5293780900,-111.7457700000
497,0,497,38.5293597900,-111.7457470000
498,0,498,38.5293414900,-111.7457240000
499,0,499,38.5293414900,-111.7457240000
500,0,500,38.5293231900,-111.7457010000
501,0,501,38.5293048900,-111.7456770000
502,0,502,38.5292865800,-111.7456770000
503,0,503,38.5292682800,-111.7456540000
504,0,504,38.5292499800,-111.7456310000
505,0,505,38.5292316800,-111.7456070000
506,0,506,38.5292133600,-111.7456070000
507,0,507,38.5291950600,-111.7455840000
508,0,508,38.5291767600,-111.7455610000
509,0,509,38.5291767600,-111.7455610000
510,0,510,38.5291767700,-111.7455370000
511,0,511,38.5291767800,-111.7455140000
512,0,512,38.5291768000,-111.7454910000
513,0,513,38.5291768100,-111.7454670000
514,0,514,38.5291768200,-111.7454440000
515,0,515,38.5291768300,-111.7454210000
516,0,516,38.5291951500,-111.7453970000
517,0,517,38.5291951700,-111.7453740000
518,0,518,38.5291951800,-111.7453510000
519,0,519,38.5291951900,-111.7453270000
520,0,520,38.5291952000,-111.7453040000
521,0,521,38.5291952100,-111.7452810000
522,0,522,38.5291952200,-111.7452570000
523,0,523,38.5291952300,-111.7452340000
524,0,524,38.5291952300,-111.7452340000
525,0,525,38.5291769300,-111.7452110000
526,0,526,38.5291586200,-111.7452110000
527,0,527,38.5291403200,-111.7451870000
528,0,528,38.5291220200,-111.7451640000
529,0,529,38.5291037100,-111.7451640000
530,0,530,38.5290854100,-111.7451410000
531,0,531,38.5290671000,-111.7451170000
532,0,532,38.5290487900,-111.7451170000
533,0,533,38.5290304900,-111.7450940000
534,0,534,38.5290304900,-111.7450940000
535,0,535,38.5290121900,-111.7450710000
536,0,536,38.5290122000,-111.7450470000
537,0,537,38.5289939000,-111.7450240000
538,0,538,38.5289939100,-111.7450010000
539,0,539,38.5289756100,-111.7449780000
540,0,540,38.5289756200,-111.7449540000
541,0,541,38.5289756200,-111.7449540000
542,0,542,38.5289573200,-111.7449310000
543,0,543,38.5289390100,-111.7449310000
544,0,544,38.5289207100,-111.7449080000
545,0,545,38.5289023900,-111.7449080000
546,0,546,38.5288840900,-111.7448840000
547,0,547,38.5288657800,-111.7448840000
548,0,548,38.5288474800,-111.7448610000
549,0,549,38.5288291700,-111.7448610000
550,0,550,38.5288291700,-111.7448610000
551,0,551,38.5288108500,-111.7448610000
552,0,552,38.5287925500,-111.7448380000
553,0,553,38.5287742400,-111.7448370000
554,0,554,38.5287559400,-111.7448140000
555,0,555,38.5287376300,-111.7448140000
556,0,556,38.5287193100,-111.7448140000
557,0,557,38.5287010100,-111.7447910000
558,0,558,38.5286827000,-111.7447910000
559,0,559,38.5286827000,-111.7447910000
560,0,560,38.5286643800,-111.7448140000
561,0,561,38.5286643700,-111.7448370000
562,0,562,38.5286460400,-111.7448610000
563,0,563,38.5286460300,-111.7448840000
564,0,564,38.5286277100,-111.7449070000
565,0,565,38.5286276900,-111.7449310000
566,0,566,38.5286093700,-111.7449540000
567,0,567,38.5286093600,-111.7449770000
568,0,568,38.5285910400,-111.7450010000
569,0,569,38.5285910200,-111.7450240000
570,0,570,38.5285909200,-111.7452340000
571,0,571,38.5285909300,-111.7452100000
572,0,572,38.5285909400,-111.7451870000
573,0,573,38.5285909500,-111.7451640000
574,0,574,38.5285909700,-111.7451400000
575,0,575,38.5285909800,-111.7451170000
576,0,576,38.5285909900,-111.7450940000
577,0,577,38.5285910000,-111.7450700000
578,0,578,38.5285910100,-111.7450470000
579,0,579,38.5285910200,-111.7450240000
580,0,580,38.5285909200,-111.7452340000
581,0,581,38.5285909100,-111.7452570000
582,0,582,38.5285725800,-111.7452800000
583,0,583,38.5285725700,-111.7453040000
584,0,584,38.5285725600,-111.7453270000
585,0,585,38.5285725500,-111.7453500000
586,0,586,38.5285542300,-111.7453740000
587,0,587,38.5285542100,-111.7453970000
588,0,588,38.5285542000,-111.7454200000
589,0,589,38.5285541900,-111.7454430000
590,0,590,38.5285358700,-111.7454670000
591,0,591,38.5285358600,-111.7454900000
592,0,592,38.5285358400,-111.7455130000
593,0,593,38.5285358400,-111.7455130000
594,0,594,38.5285358300,-111.7455370000
595,0,595,38.5285358200,-111.7455600000
596,0,596,38.5285541200,-111.7455830000
597,0,597,38.5285541100,-111.7456070000
598,0,598,38.5285541000,-111.7456300000
599,0,599,38.5285540900,-111.7456530000
600,0,600,38.5285723900,-111.7456770000
601,0,601,38.5285723800,-111.7457000000
602,0,602,38.5285723700,-111.7457230000
603,0,603,38.5285723500,-111.7457470000
604,0,604,38.5285906500,-111.7457700000
605,0,605,38.5285906400,-111.7457930000
606,0,606,38.5285906300,-111.7458160000
607,0,607,38.5285906300,-111.7458160000
608,0,608,38.5286089300,-111.7458400000
609,0,609,38.5286272300,-111.7458630000
610,0,610,38.5286455300,-111.7458860000
611,0,611,38.5286638500,-111.7458860000
612,0,612,38.5286821500,-111.7459100000
613,0,613,38.5287004500,-111.7459330000
614,0,614,38.5287004500,-111.7459330000
615,0,615,38.5287187600,-111.7459330000
616,0,616,38.5287370700,-111.7459330000
617,0,617,38.5287553900,-111.7459330000
618,0,618,38.5287736900,-111.7459570000
619,0,619,38.5287920000,-111.7459570000
620,0,620,38.5288103100,-111.7459570000
621,0,621,38.5288286300,-111.7459570000
622,0,622,38.5288469400,-111.7459570000
623,0,623,38.5288469400,-111.7459570000
624,0,624,38.5288652500,-111.7459570000
625,0,625,38.5288835500,-111.7459800000
626,0,626,38.5289018600,-111.7459800000
627,0,627,38.5289201800,-111.7459800000
628,0,628,38.5289384900,-111.7459800000
629,0,629,38.5289567900,-111.7460030000
630,0,630,38.5289751000,-111.7460030000
631,0,631,38.5289934100,-111.7460030000
632,0,632,38.5289934100,-111.7460030000
633,0,633,38.5289934000,-111.7460270000
634,0,634,38.5289933900,-111.7460500000
635,0,635,38.5289750700,-111.7460730000
636,0,636,38.5289750600,-111.7460970000
637,0,637,38.5289750400,-111.7461200000
638,0,638,38.5289750300,-111.7461430000
639,0,639,38.5289567100,-111.7461660000
640,0,640,38.5289567000,-111.7461900000
641,0,641,38.5289566800,-111.7462130000
642,0,642,38.5289566700,-111.7462360000
643,0,643,38.5289566600,-111.7462600000
644,0,644,38.5289383400,-111.7462830000
645,0,645,38.5289383300,-111.7463060000
646,0,646,38.5289383100,-111.7463300000
647,0,647,38.5289383100,-111.7463300000
648,0,648,38.5289383000,-111.7463530000
649,0,649,38.5289199800,-111.7463760000
650,0,650,38.5289199700,-111.7464000000
651,0,651,38.5289199500,-111.7464230000
652,0,652,38.5289199400,-111.7464460000
653,0,653,38.5289016200,-111.7464690000
654,0,654,38.5289016100,-111.7464930000
655,0,655,38.5289015900,-111.7465160000
656,0,656,38.5289015900,-111.7465160000
657,0,657,38.5288832800,-111.7465160000
658,0,658,38.5288649600,-111.7465390000
659,0,659,38.5288466500,-111.7465390000
660,0,660,38.5288283200,-111.7465630000
661,0,661,38.5288100100,-111.7465630000
662,0,662,38.5288100100,-111.7465630000
663,0,663,38.5287917000,-111.7465630000
664,0,664,38.5287733800,-111.7465630000
665,0,665,38.5287550800,-111.7465390000
666,0,666,38.5287367700,-111.7465390000
667,0,667,38.5287184600,-111.7465390000
668,0,668,38.5287001400,-111.7465390000
669,0,669,38.5286818400,-111.7465160000
670,0,670,38.5286635300,-111.7465160000
671,0,671,38.5286452200,-111.7465160000
672,0,672,38.5286452200,-111.7465160000
673,0,673,38.5286269200,-111.7464930000
674,0,674,38.5286086200,-111.7464690000
675,0,675,38.5285903200,-111.7464460000
676,0,676,38.5285903300,-111.7464230000
677,0,677,38.5285720300,-111.7463990000
678,0,678,38.5285537300,-111.7463760000
679,0,679,38.5285537300,-111.7463760000
680,0,680,38.5285537400,-111.7463530000
681,0,681,38.5285354400,-111.7463290000
682,0,682,38.5285354500,-111.7463060000
683,0,683,38.5285354600,-111.7462830000
684,0,684,38.5285171600,-111.7462590000
685,0,685,38.5285171700,-111.7462360000
686,0,686,38.5285171800,-111.7462130000
687,0,687,38.5285172000,-111.7461890000
688,0,688,38.5284988900,-111.7461660000
689,0,689,38.5284989100,-111.7461430000
690,0,690,38.5284989200,-111.7461190000
691,0,691,38.5284806200,-111.7460960000
692,0,692,38.5284806300,-111.7460730000
693,0,693,38.5284806300,-111.7460730000
694,0,694,38.5284623200,-111.7460730000
695,0,695,38.5284440100,-111.7460490000
696,0,696,38.5284257000,-111.7460490000
697,0,697,38.5284073900,-111.7460490000
698,0,698,38.5283890800,-111.7460490000
699,0,699,38.5283707800,-111.7460260000
700,0,700,38.5283524600,-111.7460260000
701,0,701,38.5283341500,-111.7460260000
702,0,702,38.5283158400,-111.7460260000
703,0,703,38.5282975400,-111.7460030000
704,0,704,38.5282792300,-111.7460030000
705,0,705,38.5282792300,-111.7460030000
706,0,706,38.5282609100,-111.7460030000
707,0,707,38.5282426100,-111.7459790000
708,0,708,38.5282243000,-111.7459790000
709,0,709,38.5282059900,-111.7459790000
710,0,710,38.5281876900,-111.7459560000
711,0,711,38.5281693700,-111.7459560000
712,0,712,38.5281693700,-111.7459560000
713,0,713,38.5281693800,-111.7459330000
714,0,714,38.5281877100,-111.7459090000
715,0,715,38.5281877200,-111.7458860000
716,0,716,38.5281877300,-111.7458630000
717,0,717,38.5282060600,-111.7458390000
718,0,718,38.5282060700,-111.7458160000
719,0,719,38.5282243900,-111.7457930000
720,0,720,38.5282244000,-111.7457700000
721,0,721,38.5282244200,-111.7457460000
722,0,722,38.5282427400,-111.7457230000
723,0,723,38.5282427500,-111.7457000000
724,0,724,38.5282427500,-111.7457000000
725,0,725,38.5282427600,-111.7456760000
726,0,726,38.5282610900,-111.7456530000
727,0,727,38.5282611000,-111.7456300000
728,0,728,38.5282611100,-111.7456060000
729,0,729,38.5282611200,-111.7455830000
730,0,730,38.5282794500,-111.7455600000
731,0,731,38.5282794600,-111.7455360000
732,0,732,38.5282794700,-111.7455130000
733,0,733,38.5282794700,-111.7455130000
734,0,734,38.5282794800,-111.7454900000
735,0,735,38.5282794900,-111.7454670000
736,0,736,38.5282795000,-111.7454430000
737,0,737,38.5282612000,-111.7454200000
738,0,738,38.5282612100,-111.7453970000
739,0,739,38.5282612300,-111.7453730000
740,0,740,38.5282612400,-111.7453500000
741,0,741,38.5282612500,-111.7453270000
742,0,742,38.5282612600,-111.7453030000
743,0,743,38.5282612700,-111.7452800000
744,0,744,38.5282612800,-111.7452570000
745,0,745,38.5282429800,-111.7452330000
746,0,746,38.5282429900,-111.7452100000
747,0,747,38.5282430100,-111.7451870000
748,0,748,38.5282430200,-111.7451630000
749,0,749,38.5282430300,-111.7451400000
750,0,750,38.5282430300,-111.7451400000
751,0,751,38.5282247300,-111.7451170000
752,0,752,38.5282247400,-111.7450930000
753,0,753,38.5282064400,-111.7450700000
754,0,754,38.5282064500,-111.7450470000
755,0,755,38.5281881500,-111.7450240000
756,0,756,38.5281881600,-111.7450000000
757,0,757,38.5281698600,-111.7449770000
758,0,758,38.5281698700,-111.7449540000
759,0,759,38.5281515700,-111.7449300000
760,0,760,38.5281515800,-111.7449070000
761,0,761,38.5281515800,-111.7449070000
762,0,762,38.5281332800,-111.7448840000
763,0,763,38.5281149800,-111.7448600000
764,0,764,38.5280966800,-111.7448370000
765,0,765,38.5280966900,-111.7448140000
766,0,766,38.5280783900,-111.7447900000
767,0,767,38.5280600900,-111.7447670000
768,0,768,38.5280417800,-111.7447440000
769,0,769,38.5280234800,-111.7447200000
770,0,770,38.5280051800,-111.7446970000
771,0,771,38.5280051900,-111.7446740000
772,0,772,38.5279868900,-111.7446500000
773,0,773,38.5279685900,-111.7446270000
774,0,774,38.5279502900,-111.7446040000
775,0,775,38.5279502900,-111.7446040000
776,0,776,38.5279503000,-111.7445800000
777,0,777,38.5279320000,-111.7445570000
778,0,778,38.5279320100,-111.7445340000
779,0,779,38.5279320100,-111.7445340000
780,0,780,38.5279320200,-111.7445100000
781,0,781,38.5279137200,-111.7444870000
782,0,782,38.5279137300,-111.7444640000
783,0,783,38.5278954300,-111.7444400000
784,0,784,38.5278954400,-111.7444170000
785,0,785,38.5278771400,-111.7443940000
786,0,786,38.5278771500,-111.7443710000
787,0,787,38.5278588500,-111.7443470000
788,0,788,38.5278588600,-111.7443240000
789,0,789,38.5278405600,-111.7443010000
790,0,790,38.5278405700,-111.7442770000
791,0,791,38.5278222700,-111.7442540000
792,0,792,38.5278222800,-111.7442310000
793,0,793,38.5278222800,-111.7442310000
794,0,794,38.5278222900,-111.7442070000
795,0,795,38.5278223100,-111.7441840000
796,0,796,38.5278223200,-111.7441610000
797,0,797,38.5278223300,-111.7441370000
798,0,798,38.5278040300,-111.7441140000
799,0,799,38.5278040400,-111.7440910000
800,0,800,38.5278040500,-111.7440670000
801,0,801,38.5278040600,-111.7440440000
802,0,802,38.5278040700,-111.7440210000
803,0,803,38.5278040800,-111.7439970000
804,0,804,38.5278040800,-111.7439970000
805,0,805,38.5278040900,-111.7439740000
806,0,806,38.5278041100,-111.7439510000
807,0,807,38.5278041200,-111.7439280000
808,0,808,38.5278041300,-111.7439040000
809,0,809,38.5278041400,-111.7438810000
810,0,810,38.5278041500,-111.7438580000
811,0,811,38.5278041600,-111.7438340000
812,0,812,38.5278041700,-111.7438110000
813,0,813,38.5278041800,-111.7437880000
814,0,814,38.5278042000,-111.7437640000
815,0,815,38.5278042100,-111.7437410000
816,0,816,38.5278042100,-111.7437410000
817,0,817,38.5278042200,-111.7437180000
818,0,818,38.5278042300,-111.7436940000
819,0,819,38.5277859300,-111.7436710000
820,0,820,38.5277859400,-111.7436480000
821,0,821,38.5277859500,-111.7436240000
822,0,822,38.5277859600,-111.7436010000
823,0,823,38.5277859700,-111.7435780000
824,0,824,38.5277676700,-111.7435550000
825,0,825,38.5277676800,-111.7435310000
826,0,826,38.5277676900,-111.7435080000
827,0,827,38.5277676900,-111.7435080000
828,0,828,38.5277677000,-111.7434850000
829,0,829,38.5277860300,-111.7434610000
830,0,830,38.5277860400,-111.7434380000
831,0,831,38.5277860500,-111.7434150000
832,0,832,38.5278043700,-111.7433910000
833,0,833,38.5278043900,-111.7433680000
834,0,834,38.5278044000,-111.7433450000
835,0,835,38.5278227200,-111.7433210000
836,0,836,38.5278227300,-111.7432980000
837,0,837,38.5278227400,-111.7432750000
838,0,838,38.5278410700,-111.7432520000
839,0,839,38.5278410800,-111.7432280000
840,0,840,38.5278410900,-111.7432050000
841,0,841,38.5278594100,-111.7431820000
842,0,842,38.5278594200,-111.7431580000
843,0,843,38.5278594200,-111.7431580000
844,0,844,38.5278411200,-111.7431350000
845,0,845,38.5278228200,-111.7431120000
846,0,846,38.5278045200,-111.7430880000
847,0,847,38.5277862200,-111.7430650000
848,0,848,38.5277679200,-111.7430420000
849,0,849,38.5277679200,-111.7430420000
850,0,850,38.5277496000,-111.7430420000
851,0,851,38.5277312800,-111.7430650000
852,0,852,38.5277129700,-111.7430650000
853,0,853,38.5276946400,-111.7430880000
854,0,854,38.5276763300,-111.7430880000
855,0,855,38.5276580100,-111.7431120000
856,0,856,38.5276396900,-111.7431110000
857,0,857,38.5276396900,-111.7431110000
858,0,858,38.5276396800,-111.7431350000
859,0,859,38.5276213600,-111.7431580000
860,0,860,38.5276213500,-111.7431810000
861,0,861,38.5276030300,-111.7432050000
862,0,862,38.5276030100,-111.7432280000
863,0,863,38.5276030000,-111.7432510000
864,0,864,38.5275846800,-111.7432750000
865,0,865,38.5275846700,-111.7432980000
866,0,866,38.5275846600,-111.7433210000
867,0,867,38.5275663300,-111.7433450000
868,0,868,38.5275663200,-111.7433680000
869,0,869,38.5275480000,-111.7433910000
870,0,870,38.5275479900,-111.7434140000
871,0,871,38.5275479900,-111.7434140000
872,0,872,38.5275296600,-111.7434380000
873,0,873,38.5275296500,-111.7434610000
874,0,874,38.5275113300,-111.7434840000
875,0,875,38.5275113200,-111.7435080000
876,0,876,38.5274929900,-111.7435310000
877,0,877,38.5274929800,-111.7435540000
878,0,878,38.5274746600,-111.7435780000
879,0,879,38.5274563400,-111.7436010000
880,0,880,38.5274563200,-111.7436240000
881,0,881,38.5274380000,-111.7436480000
882,0,882,38.5274379900,-111.7436710000
883,0,883,38.5274196700,-111.7436940000
884,0,884,38.5274013400,-111.7437170000
885,0,885,38.5274013300,-111.7437410000
886,0,886,38.5273830100,-111.7437640000
887,0,887,38.5273830000,-111.7437870000
888,0,888,38.5273646700,-111.7438110000
889,0,889,38.5273646600,-111.7438340000
890,0,890,38.5273463400,-111.7438570000
891,0,891,38.5273463400,-111.7438570000
892,0,892,38.5273463300,-111.7438810000
893,0,893,38.5273463100,-111.7439040000
894,0,894,38.5273463000,-111.7439270000
895,0,895,38.5273462900,-111.7439510000
896,0,896,38.5273462800,-111.7439740000
897,0,897,38.5273462700,-111.7439970000
898,0,898,38.5273279500,-111.7440200000
899,0,899,38.5273279300,-111.7440440000
900,0,900,38.5273279200,-111.7440670000
901,0,901,38.5273279100,-111.7440900000
902,0,902,38.5273279000,-111.7441140000
903,0,903,38.5273278900,-111.7441370000
904,0,904,38.5273278800,-111.7441600000
905,0,905,38.5273278800,-111.7441600000
906,0,906,38.5273278700,-111.7441840000
907,0,907,38.5273278600,-111.7442070000
908,0,908,38.5273095300,-111.7442300000
909,0,909,38.5273095200,-111.7442540000
910,0,910,38.5273095100,-111.7442770000
911,0,911,38.5273095000,-111.7443000000
912,0,912,38.5273094900,-111.7443230000
913,0,913,38.5272911600,-111.7443470000
914,0,914,38.5272911500,-111.7443700000
915,0,915,38.5272911400,-111.7443930000
916,0,916,38.5272911300,-111.7444170000
917,0,917,38.5272911200,-111.7444400000
918,0,918,38.5272911100,-111.7444630000
919,0,919,38.5272727800,-111.7444870000
920,0,920,38.5272727700,-111.7445100000
921,0,921,38.5272727600,-111.7445330000
922,0,922,38.5272727600,-111.7445330000
923,0,923,38.5272544400,-111.7445570000
924,0,924,38.5272361100,-111.7445800000
925,0,925,38.5272361000,-111.7446030000
926,0,926,38.5272177800,-111.7446260000
927,0,927,38.5271994500,-111.7446500000
928,0,928,38.5271811300,-111.7446730000
929,0,929,38.5271811200,-111.7446960000
930,0,930,38.5271627900,-111.7447200000
931,0,931,38.5271444700,-111.7447430000
932,0,932,38.5271261500,-111.7447660000
933,0,933,38.5271261300,-111.7447900000
934,0,934,38.5271078100,-111.7448130000
935,0,935,38.5270894900,-111.7448360000
936,0,936,38.5270894900,-111.7448360000
937,0,937,38.5270894700,-111.7448590000
938,0,938,38.5270894600,-111.7448830000
939,0,939,38.5270894500,-111.7449060000
940,0,940,38.5270894400,-111.7449290000
941,0,941,38.5270894300,-111.7449530000
942,0,942,38.5270711000,-111.7449760000
943,0,943,38.5270710900,-111.7449990000
944,0,944,38.5270710800,-111.7450230000
945,0,945,38.5270710700,-111.7450460000
946,0,946,38.5270710600,-111.7450690000
947,0,947,38.5270710500,-111.7450930000
948,0,948,38.5270710500,-111.7450930000
949,0,949,38.5270710400,-111.7451160000
950,0,950,38.5270710200,-111.7451390000
951,0,951,38.5270893300,-111.7451630000
952,0,952,38.5270893100,-111.7451860000
953,0,953,38.5270893000,-111.7452090000
954,0,954,38.5270892900,-111.7452320000
955,0,955,38.5271075900,-111.7452560000
956,0,956,38.5271075800,-111.7452790000
957,0,957,38.5271075700,-111.7453020000
958,0,958,38.5271075600,-111.7453260000
959,0,959,38.5271258600,-111.7453490000
960,0,960,38.5271258500,-111.7453720000
961,0,961,38.5271258400,-111.7453960000
962,0,962,38.5271258200,-111.7454190000
963,0,963,38.5271441300,-111.7454420000
964,0,964,38.5271441100,-111.7454660000
965,0,965,38.5271441000,-111.7454890000
966,0,966,38.5271440900,-111.7455120000
967,0,967,38.5271623900,-111.7455360000
968,0,968,38.5271623800,-111.7455590000
969,0,969,38.5271623700,-111.7455820000
970,0,970,38.5271623000,-111.7457220000
971,0,971,38.5271623100,-111.7456990000
972,0,972,38.5271623200,-111.7456750000
973,0,973,38.5271623300,-111.7456520000
974,0,974,38.5271623500,-111.7456290000
975,0,975,38.5271623600,-111.7456060000
976,0,976,38.5271623700,-111.7455820000
977,0,977,38.5271623000,-111.7457220000
978,0,978,38.5271439700,-111.7457450000
979,0,979,38.5271256500,-111.7457690000
980,0,980,38.5271073300,-111.7457920000
981,0,981,38.5270890000,-111.7458150000
982,0,982,38.5270706800,-111.7458390000
983,0,983,38.5270523500,-111.7458620000
984,0,984,38.5270340300,-111.7458850000
985,0,985,38.5270157100,-111.7459080000
986,0,986,38.5269973800,-111.7459320000
987,0,987,38.5269790600,-111.7459550000
988,0,988,38.5269790600,-111.7459550000
989,0,989,38.5269607600,-111.7459320000
990,0,990,38.5269424600,-111.7459080000
991,0,991,38.5269424700,-111.7458850000
992,0,992,38.5269241700,-111.7458620000
993,0,993,38.5269058700,-111.7458380000
994,0,994,38.5268875600,-111.7458150000
995,0,995,38.5268875800,-111.7457920000
996,0,996,38.5268692700,-111.7457680000
997,0,997,38.5268509700,-111.7457450000
998,0,998,38.5268326700,-111.7457220000
999,0,999,38.5268326800,-111.7456980000
1000,0,1000,38.5268143800,-111.7456750000
1001,0,1001,38.5268143800,-111.7456750000
1002,0,1002,38.5267960700,-111.7456750000
1003,0,1003,38.5267777600,-111.7456750000
1004,0,1004,38.5267594500,-111.7456750000
1005,0,1005,38.5267411500,-111.7456520000
1006,0,1006,38.5267228300,-111.7456520000
1007,0,1007,38.5267045200,-111.7456520000
1008,0,1008,38.5266862100,-111.7456520000
1009,0,1009,38.5266678900,-111.7456520000
1010,0,1010,38.5266495800,-111.7456520000
1011,0,1011,38.5266312800,-111.7456280000
1012,0,1012,38.5266129700,-111.7456280000
1013,0,1013,38.5265946600,-111.7456280000
1014,0,1014,38.5265763400,-111.7456280000
1015,0,1015,38.5265763400,-111.7456280000
1016,0,1016,38.5265580300,-111.7456280000
1017,0,1017,38.5265397100,-111.7456520000
1018,0,1018,38.5265213900,-111.7456520000
1019,0,1019,38.5265030700,-111.7456750000
1020,0,1020,38.5264847600,-111.7456750000
1021,0,1021,38.5264664300,-111.7456980000
1022,0,1022,38.5264481200,-111.7456980000
1023,0,1023,38.5264481200,-111.7456980000
1024,0,1024,38.5264298000,-111.7457210000
1025,0,1025,38.5264114800,-111.7457210000
1026,0,1026,38.5263931600,-111.7457450000
1027,0,1027,38.5263748500,-111.7457450000
1028,0,1028,38.5263565200,-111.7457680000
1029,0,1029,38.5263382100,-111.7457680000
1030,0,1030,38.5263198900,-111.7457910000
1031,0,1031,38.5263015700,-111.7457910000
1032,0,1032,38.5262832500,-111.7458150000
1033,0,1033,38.5262649400,-111.7458150000
1034,0,1034,38.5262466100,-111.7458380000
1035,0,1035,38.5262283000,-111.7458380000
1036,0,1036,38.5262099800,-111.7458610000
1037,0,1037,38.5261916600,-111.7458610000
1038,0,1038,38.5261916600,-111.7458610000
1039,0,1039,38.5261733400,-111.7458840000
1040,0,1040,38.5261733300,-111.7459080000
1041,0,1041,38.5261550000,-111.7459310000
1042,0,1042,38.5261366800,-111.7459540000
1043,0,1043,38.5261366700,-111.7459780000
1044,0,1044,38.5261183400,-111.7460010000
1045,0,1045,38.5261000200,-111.7460240000
1046,0,1046,38.5260817000,-111.7460480000
1047,0,1047,38.5260816800,-111.7460710000
1048,0,1048,38.5260633600,-111.7460940000
1049,0,1049,38.5260450400,-111.7461170000
1050,0,1050,38.5260450200,-111.7461410000
1051,0,1051,38.5260267000,-111.7461640000
1052,0,1052,38.5260267000,-111.7461640000
1053,0,1053,38.5260083800,-111.7461870000
1054,0,1054,38.5259900500,-111.7462110000
1055,0,1055,38.5259717300,-111.7462340000
1056,0,1056,38.5259534000,-111.7462570000
1057,0,1057,38.5259350800,-111.7462810000
1058,0,1058,38.5259167500,-111.7463040000
1059,0,1059,38.5258984300,-111.7463270000
1060,0,1060,38.5258801100,-111.7463500000
1061,0,1061,38.5258617800,-111.7463740000
1062,0,1062,38.5258617800,-111.7463740000
1063,0,1063,38.5258434700,-111.7463740000
1064,0,1064,38.5258251400,-111.7463970000
1065,0,1065,38.5258068300,-111.7463970000
1066,0,1066,38.5257885200,-111.7463970000
1067,0,1067,38.5257702100,-111.7463970000
1068,0,1068,38.5257518800,-111.7464200000
1069,0,1069,38.5257335700,-111.7464200000
1070,0,1070,38.5257152600,-111.7464200000
1071,0,1071,38.5256969400,-111.7464200000
1072,0,1072,38.5256786200,-111.7464440000
1073,0,1073,38.5256603100,-111.7464440000
1074,0,1074,38.5256603100,-111.7464440000
1075,0,1075,38.5256419800,-111.7464670000
1076,0,1076,38.5256236700,-111.7464670000
1077,0,1077,38.5256053500,-111.7464900000
1078,0,1078,38.5255870200,-111.7465130000
1079,0,1079,38.5255687100,-111.7465130000
1080,0,1080,38.5255503900,-111.7465370000
1081,0,1081,38.5255320600,-111.7465600000
1082,0,1082,38.5255137500,-111.7465600000
1083,0,1083,38.5254954200,-111.7465830000
1084,0,1084,38.5254771000,-111.7466070000
1085,0,1085,38.5254587900,-111.7466070000
1086,0,1086,38.5254404600,-111.7466300000
1087,0,1087,38.5254221400,-111.7466530000
1088,0,1088,38.5254038300,-111.7466530000
1089,0,1089,38.5253855000,-111.7466760000
1090,0,1090,38.5253671800,-111.7467000000
1091,0,1091,38.5253488700,-111.7467000000
1092,0,1092,38.5253305400,-111.7467230000
1093,0,1093,38.5253305400,-111.7467230000
1094,0,1094,38.5253122200,-111.7467460000
1095,0,1095,38.5252938900,-111.7467700000
1096,0,1096,38.5252755700,-111.7467930000
1097,0,1097,38.5252572400,-111.7468160000
1098,0,1098,38.5252389300,-111.7468160000
1099,0,1099,38.5252206100,-111.7468390000
1100,0,1100,38.5252022800,-111.7468630000
1101,0,1101,38.5251839600,-111.7468860000
1102,0,1102,38.5251656300,-111.7469090000
1103,0,1103,38.5251473100,-111.7469330000
1104,0,1104,38.5251289800,-111.7469560000
1105,0,1105,38.5251106600,-111.7469790000
1106,0,1106,38.5250923500,-111.7469790000
1107,0,1107,38.5250740200,-111.7470030000
1108,0,1108,38.5250557000,-111.7470260000
1109,0,1109,38.5250373700,-111.7470490000
1110,0,1110,38.5250373700,-111.7470490000
1111,0,1111,38.5250190500,-111.7470720000
1112,0,1112,38.5250007400,-111.7470720000
1113,0,1113,38.5249824100,-111.7470960000
1114,0,1114,38.5249641000,-111.7470960000
1115,0,1115,38.5249457800,-111.7471190000
1116,0,1116,38.5249274600,-111.7471190000
1117,0,1117,38.5249091400,-111.7471420000
1118,0,1118,38.5248908300,-111.7471420000
1119,0,1119,38.5248725000,-111.7471660000
1120,0,1120,38.5248541900,-111.7471660000
1121,0,1121,38.5248358600,-111.7471890000
1122,0,1122,38.5248358600,-111.7471890000
1123,0,1123,38.5248175500,-111.7471890000
1124,0,1124,38.5247992400,-111.7471890000
1125,0,1125,38.5247809400,-111.7471650000
1126,0,1126,38.5247626300,-111.7471650000
1127,0,1127,38.5247443100,-111.7471650000
1128,0,1128,38.5247260000,-111.7471650000
1129,0,1129,38.5247077000,-111.7471420000
1130,0,1130,38.5246893900,-111.7471420000
1131,0,1131,38.5246710800,-111.7471420000
1132,0,1132,38.5246527600,-111.7471420000
1133,0,1133,38.5246344600,-111.7471190000
1134,0,1134,38.5246161500,-111.7471190000
1135,0,1135,38.5245978400,-111.7471190000
1136,0,1136,38.5245795200,-111.7471190000
1137,0,1137,38.5245612100,-111.7471190000
1138,0,1138,38.5245429100,-111.7470950000
1139,0,1139,38.5245246000,-111.7470950000
1140,0,1140,38.5245062900,-111.7470950000
1141,0,1141,38.5244879700,-111.7470950000
1142,0,1142,38.5244696700,-111.7470720000
1143,0,1143,38.5244513600,-111.7470720000
1144,0,1144,38.5244330500,-111.7470720000
1145,0,1145,38.5244330500,-111.7470720000
1146,0,1146,38.5244147200,-111.7470950000
1147,0,1147,38.5243964000,-111.7471190000
1148,0,1148,38.5243780700,-111.7471420000
1149,0,1149,38.5243597500,-111.7471650000
1150,0,1150,38.5243414400,-111.7471650000
1151,0,1151,38.5243231100,-111.7471880000
1152,0,1152,38.5243047900,-111.7472120000
1153,0,1153,38.5242864600,-111.7472350000
1154,0,1154,38.5242681400,-111.7472580000
1155,0,1155,38.5242498200,-111.7472820000
1156,0,1156,38.5242314900,-111.7473050000
1157,0,1157,38.5242131700,-111.7473280000
1158,0,1158,38.5241948500,-111.7473280000
1159,0,1159,38.5241765300,-111.7473510000
1160,0,1160,38.5241582000,-111.7473750000
1161,0,1161,38.5241398800,-111.7473980000
1162,0,1162,38.5241215600,-111.7474210000
1163,0,1163,38.5241215600,-111.7474210000
1164,0,1164,38.5241215400,-111.7474450000
1165,0,1165,38.5241215300,-111.7474680000
1166,0,1166,38.5241398300,-111.7474910000
1167,0,1167,38.5241398200,-111.7475150000
1168,0,1168,38.5241398100,-111.7475380000
1169,0,1169,38.5241398000,-111.7475610000
1170,0,1170,38.5241397800,-111.7475850000
1171,0,1171,38.5241580900,-111.7476080000
1172,0,1172,38.5241580700,-111.7476310000
1173,0,1173,38.5241580600,-111.7476540000
1174,0,1174,38.5241580500,-111.7476780000
1175,0,1175,38.5241580400,-111.7477010000
1176,0,1176,38.5241580300,-111.7477240000
1177,0,1177,38.5241763300,-111.7477480000
1178,0,1178,38.5241763100,-111.7477710000
1179,0,1179,38.5241763000,-111.7477940000
1180,0,1180,38.5241763000,-111.7477940000
1181,0,1181,38.5241579800,-111.7478180000
1182,0,1182,38.5241396600,-111.7478180000
1183,0,1183,38.5241213400,-111.7478410000
1184,0,1184,38.5241030200,-111.7478640000
1185,0,1185,38.5240847000,-111.7478640000
1186,0,1186,38.5240663800,-111.7478880000
1187,0,1187,38.5240480500,-111.7479110000
1188,0,1188,38.5240297400,-111.7479110000
1189,0,1189,38.5240114200,-111.7479340000
1190,0,1190,38.5240114200,-111.7479340000
1191,0,1191,38.5239930900,-111.7479570000
1192,0,1192,38.5239747800,-111.7479570000
1193,0,1193,38.5239564600,-111.7479810000
1194,0,1194,38.5239381300,-111.7480040000
1195,0,1195,38.5239198100,-111.7480270000
1196,0,1196,38.5239014900,-111.7480270000
1197,0,1197,38.5238831700,-111.7480510000
1198,0,1198,38.5238648400,-111.7480740000
1199,0,1199,38.5238465200,-111.7480970000
1200,0,1200,38.5238282100,-111.7480970000
1201,0,1201,38.5238098800,-111.7481200000
1202,0,1202,38.5238098800,-111.7481200000
1203,0,1203,38.5237915600,-111.7481440000
1204,0,1204,38.5237732500,-111.7481440000
1205,0,1205,38.5237732500,-111.7481440000
1206,0,1206,38.5237549300,-111.7481440000
1207,0,1207,38.5237366200,-111.7481440000
1208,0,1208,38.5237183100,-111.7481440000
1209,0,1209,38.5237000100,-111.7481200000
1210,0,1210,38.5236816900,-111.7481200000
1211,0,1211,38.5236633800,-111.7481200000
1212,0,1212,38.5236450700,-111.7481200000
1213,0,1213,38.5236267600,-111.7481200000
1214,0,1214,38.5236084400,-111.7481200000
1215,0,1215,38.5235901300,-111.7481200000
1216,0,1216,38.5235718200,-111.7481200000
1217,0,1217,38.5235535200,-111.7480970000
1218,0,1218,38.5235352100,-111.7480970000
1219,0,1219,38.5235168900,-111.7480970000
1220,0,1220,38.5234985800,-111.7480970000
1221,0,1221,38.5234802700,-111.7480970000
1222,0,1222,38.5234619600,-111.7480970000
1223,0,1223,38.5234436400,-111.7480970000
1224,0,1224,38.5234253400,-111.7480730000
1225,0,1225,38.5234070300,-111.7480730000
1226,0,1226,38.5233887200,-111.7480730000
1227,0,1227,38.5233704000,-111.7480730000
1228,0,1228,38.5233520900,-111.7480730000
1229,0,1229,38.5233337800,-111.7480730000
1230,0,1230,38.5233154700,-111.7480730000
1231,0,1231,38.5232971500,-111.7480730000
1232,0,1232,38.5232788500,-111.7480500000
1233,0,1233,38.5232605400,-111.7480500000
1234,0,1234,38.5232422300,-111.7480500000
1235,0,1235,38.5232239200,-111.7480500000
1236,0,1236,38.5232056000,-111.7480500000
1237,0,1237,38.5231872900,-111.7480500000
1238,0,1238,38.5231689800,-111.7480500000
1239,0,1239,38.5231506700,-111.7480500000
1240,0,1240,38.5231323700,-111.7480270000
1241,0,1241,38.5231140500,-111.7480270000
1242,0,1242,38.5230957400,-111.7480270000
1243,0,1243,38.5230774300,-111.7480270000
1244,0,1244,38.5230774300,-111.7480270000
1245,0,1245,38.5230774200,-111.7480500000
1246,0,1246,38.5230590900,-111.7480730000
1247,0,1247,38.5230590800,-111.7480960000
1248,0,1248,38.5230590700,-111.7481200000
1249,0,1249,38.5230590600,-111.7481430000
1250,0,1250,38.5230407300,-111.7481660000
1251,0,1251,38.5230407200,-111.7481900000
1252,0,1252,38.5230407100,-111.7482130000
1253,0,1253,38.5230406900,-111.7482360000
1254,0,1254,38.5230223700,-111.7482600000
1255,0,1255,38.5230223600,-111.7482830000
1256,0,1256,38.5230223500,-111.7483060000
1257,0,1257,38.5230223300,-111.7483300000
1258,0,1258,38.5230040100,-111.7483530000
1259,0,1259,38.5230040000,-111.7483760000
1260,0,1260,38.5230039800,-111.7483990000
1261,0,1261,38.5230039800,-111.7483990000
1262,0,1262,38.5229856600,-111.7484230000
1263,0,1263,38.5229673500,-111.7484230000
1264,0,1264,38.5229490200,-111.7484460000
1265,0,1265,38.5229307100,-111.7484460000
1266,0,1266,38.5229123900,-111.7484690000
1267,0,1267,38.5228940600,-111.7484930000
1268,0,1268,38.5228757500,-111.7484930000
1269,0,1269,38.5228574200,-111.7485160000
1270,0,1270,38.5228391100,-111.7485160000
1271,0,1271,38.5228207900,-111.7485390000
1272,0,1272,38.5228024600,-111.7485620000
1273,0,1273,38.5227841500,-111.7485620000
1274,0,1274,38.5227658200,-111.7485860000
1275,0,1275,38.5227475100,-111.7485860000
1276,0,1276,38.5227291900,-111.7486090000
1277,0,1277,38.5227291900,-111.7486090000
1278,0,1278,38.5227108600,-111.7486320000
1279,0,1279,38.5227108500,-111.7486560000
1280,0,1280,38.5226925200,-111.7486790000
1281,0,1281,38.5226925100,-111.7487020000
1282,0,1282,38.5226741900,-111.7487260000
1283,0,1283,38.5226558600,-111.7487490000
1284,0,1284,38.5226558500,-111.7487720000
1285,0,1285,38.5226375300,-111.7487950000
1286,0,1286,38.5226375100,-111.7488190000
1287,0,1287,38.5226191900,-111.7488420000
1288,0,1288,38.5226191900,-111.7488420000
1289,0,1289,38.5226008900,-111.7488190000
1290,0,1290,38.5225825800,-111.7488190000
1291,0,1291,38.5225642800,-111.7487950000
1292,0,1292,38.5225459600,-111.7487950000
1293,0,1293,38.5225276600,-111.7487720000
1294,0,1294,38.5225093500,-111.7487720000
1295,0,1295,38.5224910500,-111.7487490000
1296,0,1296,38.5224727400,-111.7487490000
1297,0,1297,38.5224544400,-111.7487250000
1298,0,1298,38.5224361200,-111.7487250000
1299,0,1299,38.5224361200,-111.7487250000
1300,0,1300,38.5224178200,-111.7487020000
1301,0,1301,38.5223995100,-111.7487020000
1302,0,1302,38.5223812100,-111.7486790000
1303,0,1303,38.5223629100,-111.7486550000
1304,0,1304,38.5223446000,-111.7486550000
1305,0,1305,38.5223263000,-111.7486320000
1306,0,1306,38.5223080000,-111.7486090000
1307,0,1307,38.5222896800,-111.7486090000
1308,0,1308,38.5222713800,-111.7485850000
1309,0,1309,38.5222713800,-111.7485850000
1310,0,1310,38.5222530600,-111.7486090000
1311,0,1311,38.5222347500,-111.7486090000
1312,0,1312,38.5222164200,-111.7486320000
1313,0,1313,38.5221981000,-111.7486550000
1314,0,1314,38.5221797900,-111.7486550000
1315,0,1315,38.5221614600,-111.7486780000
1316,0,1316,38.5221614600,-111.7486780000
1317,0,1317,38.5221614500,-111.7487020000
1318,0,1318,38.5221431200,-111.7487250000
1319,0,1319,38.5221431100,-111.7487480000
1320,0,1320,38.5221247900,-111.7487720000
1321,0,1321,38.5221247700,-111.7487950000
1322,0,1322,38.5221064500,-111.7488180000
1323,0,1323,38.5221064400,-111.7488420000
1324,0,1324,38.5220881100,-111.7488650000
1325,0,1325,38.5220881000,-111.7488880000
1326,0,1326,38.5220697800,-111.7489120000
1327,0,1327,38.5220697600,-111.7489350000
1328,0,1328,38.5220514400,-111.7489580000
1329,0,1329,38.5220514300,-111.7489810000
1330,0,1330,38.5220514300,-111.7489810000
1331,0,1331,38.5220697300,-111.7490050000
1332,0,1332,38.5220880300,-111.7490280000
1333,0,1333,38.5221063300,-111.7490510000
1334,0,1334,38.5221246300,-111.7490750000
1335,0,1335,38.5221429300,-111.7490980000
1336,0,1336,38.5221612300,-111.7491210000
1337,0,1337,38.5221795300,-111.7491450000
1338,0,1338,38.5221795200,-111.7491680000
1339,0,1339,38.5221978200,-111.7491910000
1340,0,1340,38.5222161200,-111.7492150000
1341,0,1341,38.5222344200,-111.7492380000
1342,0,1342,38.5222527200,-111.7492610000
1343,0,1343,38.5222710200,-111.7492850000
1344,0,1344,38.5222893200,-111.7493080000
1345,0,1345,38.5223076200,-111.7493310000
1346,0,1346,38.5223074500,-111.7496580000
1347,0,1347,38.5223074600,-111.7496340000
1348,0,1348,38.5223074700,-111.7496110000
1349,0,1349,38.5223074800,-111.7495880000
1350,0,1350,38.5223074900,-111.7495640000
1351,0,1351,38.5223075100,-111.7495410000
1352,0,1352,38.5223075200,-111.7495180000
1353,0,1353,38.5223075300,-111.7494940000
1354,0,1354,38.5223075400,-111.7494710000
1355,0,1355,38.5223075600,-111.7494480000
1356,0,1356,38.5223075700,-111.7494250000
1357,0,1357,38.5223075800,-111.7494010000
1358,0,1358,38.5223075900,-111.7493780000
1359,0,1359,38.5223076100,-111.7493550000
1360,0,1360,38.5223076200,-111.7493310000
1361,0,1361,38.5223074500,-111.7496580000
1362,0,1362,38.5223257500,-111.7496810000
1363,0,1363,38.5223440600,-111.7496810000
1364,0,1364,38.5223623600,-111.7497040000
1365,0,1365,38.5223806700,-111.7497040000
1366,0,1366,38.5223989700,-111.7497280000
1367,0,1367,38.5224172800,-111.7497280000
1368,0,1368,38.5224172800,-111.7497280000
1369,0,1369,38.5224172700,-111.7497510000
1370,0,1370,38.5224355700,-111.7497740000
1371,0,1371,38.5224355600,-111.7497980000
1372,0,1372,38.5224538600,-111.7498210000
1373,0,1373,38.5224538500,-111.7498440000
1374,0,1374,38.5224721500,-111.7498680000
1375,0,1375,38.5224721300,-111.7498910000
1376,0,1376,38.5224904300,-111.7499140000
1377,0,1377,38.5224904200,-111.7499380000
1378,0,1378,38.5224904200,-111.7499380000
1379,0,1379,38.5224721100,-111.7499380000
1380,0,1380,38.5224538000,-111.7499370000
1381,0,1381,38.5224354800,-111.7499370000
1382,0,1382,38.5224171700,-111.7499370000
1383,0,1383,38.5223988600,-111.7499370000
1384,0,1384,38.5223805500,-111.7499370000
1385,0,1385,38.5223622300,-111.7499370000
1386,0,1386,38.5223439200,-111.7499370000
1387,0,1387,38.5223256100,-111.7499370000
1388,0,1388,38.5223073000,-111.7499370000
1389,0,1389,38.5222889800,-111.7499370000
1390,0,1390,38.5222706700,-111.7499370000
1391,0,1391,38.5222523600,-111.7499370000
1392,0,1392,38.5222340500,-111.7499370000
1393,0,1393,38.5222157300,-111.7499370000
1394,0,1394,38.5222157300,-111.7499370000
1395,0,1395,38.5221974200,-111.7499370000
1396,0,1396,38.5221791200,-111.7499140000
1397,0,1397,38.5221608100,-111.7499140000
1398,0,1398,38.5221425000,-111.7499140000
1399,0,1399,38.5221241800,-111.7499140000
1400,0,1400,38.5221058800,-111.7498910000
1401,0,1401,38.5220875700,-111.7498910000
1402,0,1402,38.5220692600,-111.7498910000
1403,0,1403,38.5220509500,-111.7498910000
1404,0,1404,38.5220326500,-111.7498670000
1405,0,1405,38.5220143300,-111.7498670000
1406,0,1406,38.5219960200,-111.7498670000
1407,0,1407,38.5219777100,-111.7498670000
1408,0,1408,38.5219594100,-111.7498440000
1409,0,1409,38.5219410900,-111.7498440000
1410,0,1410,38.5219227800,-111.7498440000
1411,0,1411,38.5219227800,-111.7498440000
1412,0,1412,38.5219044700,-111.7498440000
1413,0,1413,38.5218861600,-111.7498440000
1414,0,1414,38.5218678400,-111.7498440000
1415,0,1415,38.5218495300,-111.7498440000
1416,0,1416,38.5218312100,-111.7498670000
1417,0,1417,38.5218128900,-111.7498670000
1418,0,1418,38.5217945800,-111.7498670000
1419,0,1419,38.5217762700,-111.7498670000
1420,0,1420,38.5217579600,-111.7498670000
1421,0,1421,38.5217396400,-111.7498670000
1422,0,1422,38.5217213300,-111.7498670000
1423,0,1423,38.5217030200,-111.7498670000
1424,0,1424,38.5216846900,-111.7498900000
1425,0,1425,38.5216663800,-111.7498900000
1426,0,1426,38.5216480700,-111.7498900000
1427,0,1427,38.5216297600,-111.7498900000
1428,0,1428,38.5216114400,-111.7498900000
1429,0,1429,38.5216114400,-111.7498900000
1430,0,1430,38.5215931300,-111.7498900000
1431,0,1431,38.5215748200,-111.7498900000
1432,0,1432,38.5215564900,-111.7499130000
1433,0,1433,38.5215381800,-111.7499130000
1434,0,1434,38.5215198700,-111.7499130000
1435,0,1435,38.5215015600,-111.7499130000
1436,0,1436,38.5214832300,-111.7499370000
1437,0,1437,38.5214649200,-111.7499370000
1438,0,1438,38.5214466100,-111.7499370000
1439,0,1439,38.5214282900,-111.7499370000
1440,0,1440,38.5214099700,-111.7499600000
1441,0,1441,38.5213916600,-111.7499600000
1442,0,1442,38.5213733400,-111.7499600000
1443,0,1443,38.5213733400,-111.7499600000
1444,0,1444,38.5213733300,-111.7499830000
1445,0,1445,38.5213733200,-111.7500060000
1446,0,1446,38.5213549900,-111.7500300000
1447,0,1447,38.5213549800,-111.7500530000
1448,0,1448,38.5213549700,-111.7500760000
1449,0,1449,38.5213549700,-111.7500760000
1450,0,1450,38.5213366400,-111.7501000000
1451,0,1451,38.5213183200,-111.7501230000
1452,0,1452,38.5212999900,-111.7501460000
1453,0,1453,38.5212816800,-111.7501460000
1454,0,1454,38.5212633600,-111.7501700000
1455,0,1455,38.5212450300,-111.7501930000
1456,0,1456,38.5212267100,-111.7502160000
1457,0,1457,38.5212083800,-111.7502390000
1458,0,1458,38.5211900600,-111.7502630000
1459,0,1459,38.5211717400,-111.7502630000
1460,0,1460,38.5211534200,-111.7502860000
1461,0,1461,38.5211350900,-111.7503090000
1462,0,1462,38.5211350900,-111.7503090000
1463,0,1463,38.5211350800,-111.7503330000
1464,0,1464,38.5211350700,-111.7503560000
1465,0,1465,38.5211350600,-111.7503790000
1466,0,1466,38.5211350400,-111.7504030000
1467,0,1467,38.5211350300,-111.7504260000
1468,0,1468,38.5211350200,-111.7504490000
1469,0,1469,38.5211350100,-111.7504720000
1470,0,1470,38.5211349900,-111.7504960000
1471,0,1471,38.5211349800,-111.7505190000
1472,0,1472,38.5211349700,-111.7505420000
1473,0,1473,38.5211349500,-111.7505660000
1474,0,1474,38.5211349400,-111.7505890000
1475,0,1475,38.5211349300,-111.7506120000
1476,0,1476,38.5211349200,-111.7506360000
1477,0,1477,38.5211349000,-111.7506590000
1478,0,1478,38.5211348900,-111.7506820000
1479,0,1479,38.5211348800,-111.7507060000
1480,0,1480,38.5211348700,-111.7507290000
1481,0,1481,38.5211348500,-111.7507520000
1482,0,1482,38.5211348400,-111.7507760000
1483,0,1483,38.5211348300,-111.7507990000
1484,0,1484,38.5211348200,-111.7508220000
1485,0,1485,38.5211348000,-111.7508450000
1486,0,1486,38.5211347900,-111.7508690000
1487,0,1487,38.5211347800,-111.7508920000
1488,0,1488,38.5211347700,-111.7509150000
1489,0,1489,38.5211347500,-111.7509390000
1490,0,1490,38.5211347400,-111.7509620000
1491,0,1491,38.5211347300,-111.7509850000
1492,0,1492,38.5211347200,-111.7510090000
1493,0,1493,38.5211347000,-111.7510320000
1494,0,1494,38.5211346900,-111.7510550000
1495,0,1495,38.5211163600,-111.7510790000
1496,0,1496,38.5211163500,-111.7511020000
1497,0,1497,38.5211163400,-111.7511250000
1498,0,1498,38.5211163300,-111.7511480000
1499,0,1499,38.5211163100,-111.7511720000
1500,0,1500,38.5211163000,-111.7511950000
1501,0,1501,38.5211162900,-111.7512180000
1502,0,1502,38.5211162800,-111.7512420000
1503,0,1503,38.5211162600,-111.7512650000
1504,0,1504,38.5211162500,-111.7512880000
1505,0,1505,38.5211162400,-111.7513120000
1506,0,1506,38.5211162300,-111.7513350000
1507,0,1507,38.5211162100,-111.7513580000
1508,0,1508,38.5211162000,-111.7513820000
1509,0,1509,38.5211161900,-111.7514050000
1510,0,1510,38.5211161700,-111.7514280000
1511,0,1511,38.5211161600,-111.7514510000
1512,0,1512,38.5211161500,-111.7514750000
1513,0,1513,38.5211161400,-111.7514980000
1514,0,1514,38.5211161200,-111.7515210000
1515,0,1515,38.5211161100,-111.7515450000
1516,0,1516,38.5211161000,-111.7515680000
1517,0,1517,38.5211160900,-111.7515910000
1518,0,1518,38.5211160700,-111.7516150000
1519,0,1519,38.5211160600,-111.7516380000
1520,0,1520,38.5211160500,-111.7516610000
1521,0,1521,38.5211160300,-111.7516850000
1522,0,1522,38.5211160200,-111.7517080000
1523,0,1523,38.5211160100,-111.7517310000
1524,0,1524,38.5211160000,-111.7517550000
1525,0,1525,38.5211159800,-111.7517780000
1526,0,1526,38.5211159700,-111.7518010000
1527,0,1527,38.5211159600,-111.7518240000
1528,0,1528,38.5211159400,-111.7518480000
1529,0,1529,38.5211159400,-111.7518480000
1530,0,1530,38.5211342600,-111.7518480000
1531,0,1531,38.5211525600,-111.7518710000
1532,0,1532,38.5211708700,-111.7518710000
1533,0,1533,38.5211891800,-111.7518710000
1534,0,1534,38.5212074800,-111.7518940000
1535,0,1535,38.5212257900,-111.7518940000
1536,0,1536,38.5212257900,-111.7518940000
1537,0,1537,38.5212440900,-111.7519180000
1538,0,1538,38.5212623900,-111.7519410000
1539,0,1539,38.5212806900,-111.7519640000
1540,0,1540,38.5212989900,-111.7519880000
1541,0,1541,38.5212989800,-111.7520110000
1542,0,1542,38.5213172800,-111.7520340000
1543,0,1543,38.5213355800,-111.7520580000
1544,0,1544,38.5213538800,-111.7520810000
1545,0,1545,38.5213721800,-111.7521040000
1546,0,1546,38.5213904800,-111.7521280000
1547,0,1547,38.5214087800,-111.7521510000
1548,0,1548,38.5214270800,-111.7521740000
1549,0,1549,38.5214270700,-111.7521980000
1550,0,1550,38.5214453700,-111.7522210000
1551,0,1551,38.5214636700,-111.7522440000
1552,0,1552,38.5214819600,-111.7522680000
1553,0,1553,38.5214819600,-111.7522680000
1554,0,1554,38.5215002600,-111.7522910000
1555,0,1555,38.5215185600,-111.7523140000
1556,0,1556,38.5215368600,-111.7523380000
1557,0,1557,38.5215551600,-111.7523610000
1558,0,1558,38.5215734600,-111.7523840000
1559,0,1559,38.5215917600,-111.7524080000
1560,0,1560,38.5216100600,-111.7524310000
1561,0,1561,38.5216283600,-111.7524540000
1562,0,1562,38.5216466600,-111.7524780000
1563,0,1563,38.5216466600,-111.7524780000
1564,0,1564,38.5216649600,-111.7525010000
1565,0,1565,38.5216832600,-111.7525240000
1566,0,1566,38.5217015600,-111.7525480000
1567,0,1567,38.5217198600,-111.7525710000
1568,0,1568,38.5217381600,-111.7525940000
1569,0,1569,38.5217564600,-111.7526180000
1570,0,1570,38.5217747600,-111.7526410000
1571,0,1571,38.5217930600,-111.7526640000
1572,0,1572,38.5217930600,-111.7526640000
1573,0,1573,38.5218113700,-111.7526640000
1574,0,1574,38.5218296700,-111.7526880000
1575,0,1575,38.5218479800,-111.7526880000
1576,0,1576,38.5218662800,-111.7527110000
1577,0,1577,38.5218846000,-111.7527110000
1578,0,1578,38.5219029100,-111.7527110000
1579,0,1579,38.5219212100,-111.7527340000
1580,0,1580,38.5219395200,-111.7527340000
1581,0,1581,38.5219578200,-111.7527580000
1582,0,1582,38.5219761300,-111.7527580000
1583,0,1583,38.5219944500,-111.7527580000
1584,0,1584,38.5220127400,-111.7527810000
1585,0,1585,38.5220310600,-111.7527810000
1586,0,1586,38.5220493600,-111.7528040000
1587,0,1587,38.5220676700,-111.7528040000
1588,0,1588,38.5220859800,-111.7528040000
1589,0,1589,38.5221042800,-111.7528280000
1590,0,1590,38.5221225900,-111.7528280000
1591,0,1591,38.5221408900,-111.7528510000
1592,0,1592,38.5221592100,-111.7528510000
1593,0,1593,38.5221592100,-111.7528510000
1594,0,1594,38.5221775200,-111.7528510000
1595,0,1595,38.5221958300,-111.7528510000
1596,0,1596,38.5222141600,-111.7528280000
1597,0,1597,38.5222324700,-111.7528280000
1598,0,1598,38.5222507800,-111.7528280000
1599,0,1599,38.5222690900,-111.7528280000
1600,0,1600,38.5222874200,-111.7528050000
1601,0,1601,38.5223057300,-111.7528050000
1602,0,1602,38.5223240500,-111.7528050000
1603,0,1603,38.5223423600,-111.7528050000
1604,0,1604,38.5223606800,-111.7527810000
1605,0,1605,38.5223790000,-111.7527810000
1606,0,1606,38.5223973100,-111.7527810000
1607,0,1607,38.5223973100,-111.7527810000
1608,0,1608,38.5224156300,-111.7527580000
1609,0,1609,38.5224339600,-111.7527350000
1610,0,1610,38.5224339700,-111.7527110000
1611,0,1611,38.5224523000,-111.7526880000
1612,0,1612,38.5224706200,-111.7526650000
1613,0,1613,38.5224889500,-111.7526420000
1614,0,1614,38.5225072700,-111.7526180000
1615,0,1615,38.5225256000,-111.7525950000
1616,0,1616,38.5225256100,-111.7525720000
1617,0,1617,38.5225439400,-111.7525480000
1618,0,1618,38.5225622600,-111.7525250000
1619,0,1619,38.5225622600,-111.7525250000
1620,0,1620,38.5225805900,-111.7525020000
1621,0,1621,38.5225989200,-111.7524780000
1622,0,1622,38.5226172400,-111.7524550000
1623,0,1623,38.5226355700,-111.7524320000
1624,0,1624,38.5226538900,-111.7524090000
1625,0,1625,38.5226722200,-111.7523850000
1626,0,1626,38.5226905400,-111.7523620000
1627,0,1627,38.5227088700,-111.7523390000
1628,0,1628,38.5227088800,-111.7523150000
1629,0,1629,38.5227272100,-111.7522920000
1630,0,1630,38.5227455300,-111.7522690000
1631,0,1631,38.5227638600,-111.7522460000
1632,0,1632,38.5227821800,-111.7522220000
1633,0,1633,38.5228005100,-111.7521990000
1634,0,1634,38.5228188300,-111.7521760000
1635,0,1635,38.5228371600,-111.7521520000
1636,0,1636,38.5228554800,-111.7521290000
1637,0,1637,38.5228554800,-111.7521290000
1638,0,1638,38.5228738000,-111.7521290000
1639,0,1639,38.5228921000,-111.7521520000
1640,0,1640,38.5229104100,-111.7521520000
1641,0,1641,38.5229287200,-111.7521520000
1642,0,1642,38.5229470300,-111.7521520000
1643,0,1643,38.5229653300,-111.7521760000
1644,0,1644,38.5229836500,-111.7521760000
1645,0,1645,38.5230019600,-111.7521760000
1646,0,1646,38.5230202700,-111.7521760000
1647,0,1647,38.5230385700,-111.7521990000
1648,0,1648,38.5230568800,-111.7521990000
1649,0,1649,38.5230752000,-111.7521990000
1650,0,1650,38.5230752000,-111.7521990000
1651,0,1651,38.5230935100,-111.7521990000
1652,0,1652,38.5231118200,-111.7521990000
1653,0,1653,38.5231301200,-111.7522230000
1654,0,1654,38.5231484300,-111.7522230000
1655,0,1655,38.5231667500,-111.7522230000
1656,0,1656,38.5231850600,-111.7522230000
1657,0,1657,38.5232033700,-111.7522230000
1658,0,1658,38.5232216700,-111.7522460000
1659,0,1659,38.5232399800,-111.7522460000
1660,0,1660,38.5232583000,-111.7522460000
1661,0,1661,38.5232583000,-111.7522460000
1662,0,1662,38.5232766100,-111.7522460000
1663,0,1663,38.5232949100,-111.7522690000
1664,0,1664,38.5233132200,-111.7522690000
1665,0,1665,38.5233315300,-111.7522690000
1666,0,1666,38.5233498500,-111.7522690000
1667,0,1667,38.5233681500,-111.7522930000
1668,0,1668,38.5233864600,-111.7522930000
1669,0,1669,38.5234047700,-111.7522930000
1670,0,1670,38.5234047700,-111.7522930000
1671,0,1671,38.5234230700,-111.7523160000
1672,0,1672,38.5234413800,-111.7523160000
1673,0,1673,38.5234596800,-111.7523390000
1674,0,1674,38.5234780000,-111.7523390000
1675,0,1675,38.5234963000,-111.7523630000
1676,0,1676,38.5235146100,-111.7523630000
1677,0,1677,38.5235329100,-111.7523860000
1678,0,1678,38.5235329100,-111.7523860000
1679,0,1679,38.5235512300,-111.7523630000
1680,0,1680,38.5235695500,-111.7523630000
1681,0,1681,38.5235878700,-111.7523390000
1682,0,1682,38.5236061800,-111.7523400000
1683,0,1683,38.5236245100,-111.7523160000
1684,0,1684,38.5236428200,-111.7523160000
1685,0,1685,38.5236611500,-111.7522930000
1686,0,1686,38.5236794600,-111.7522930000
1687,0,1687,38.5236977900,-111.7522700000
1688,0,1688,38.5236977900,-111.7522700000
1689,0,1689,38.5237161000,-111.7522700000
1690,0,1690,38.5237344100,-111.7522700000
1691,0,1691,38.5237527200,-111.7522700000
1692,0,1692,38.5237710400,-111.7522700000
1693,0,1693,38.5237893500,-111.7522700000
1694,0,1694,38.5238076500,-111.7522930000
1695,0,1695,38.5238259600,-111.7522930000
1696,0,1696,38.5238442700,-111.7522930000
1697,0,1697,38.5238625900,-111.7522930000
1698,0,1698,38.5238809000,-111.7522930000
1699,0,1699,38.5238992100,-111.7522930000
1700,0,1700,38.5238992100,-111.7522930000
1701,0,1701,38.5239175200,-111.7522930000
1702,0,1702,38.5239358200,-111.7523160000
1703,0,1703,38.5239541400,-111.7523170000
1704,0,1704,38.5239724400,-111.7523400000
1705,0,1705,38.5239907500,-111.7523400000
1706,0,1706,38.5240090600,-111.7523400000
1707,0,1707,38.5240273600,-111.7523630000
1708,0,1708,38.5240456700,-111.7523630000
1709,0,1709,38.5240456700,-111.7523630000
1710,0,1710,38.5240639700,-111.7523870000
1711,0,1711,38.5240639600,-111.7524100000
1712,0,1712,38.5240822600,-111.7524330000
1713,0,1713,38.5240822500,-111.7524560000
1714,0,1714,38.5241005500,-111.7524800000
1715,0,1715,38.5241005300,-111.7525030000
1716,0,1716,38.5241188300,-111.7525260000
1717,0,1717,38.5241188300,-111.7525260000
1718,0,1718,38.5241188200,-111.7525500000
1719,0,1719,38.5241188100,-111.7525730000
1720,0,1720,38.5241371100,-111.7525960000
1721,0,1721,38.5241370900,-111.7526200000
1722,0,1722,38.5241370800,-111.7526430000
1723,0,1723,38.5241370700,-111.7526660000
1724,0,1724,38.5241553700,-111.7526900000
1725,0,1725,38.5241553500,-111.7527130000
1726,0,1726,38.5241553400,-111.7527360000
1727,0,1727,38.5241553400,-111.7527360000
1728,0,1728,38.5241736400,-111.7527600000
1729,0,1729,38.5241919400,-111.7527830000
1730,0,1730,38.5241919300,-111.7528060000
1731,0,1731,38.5242102300,-111.7528300000
1732,0,1732,38.5242285300,-111.7528530000
1733,0,1733,38.5242285300,-111.7528530000
1734,0,1734,38.5242468300,-111.7528760000
1735,0,1735,38.5242651200,-111.7529000000
1736,0,1736,38.5242834400,-111.7529000000
1737,0,1737,38.5243017400,-111.7529230000
1738,0,1738,38.5243017400,-111.7529230000
1739,0,1739,38.5243200500,-111.7529230000
1740,0,1740,38.5243383500,-111.7529460000
1741,0,1741,38.5243566600,-111.7529460000
1742,0,1742,38.5243749700,-111.7529460000
1743,0,1743,38.5243932700,-111.7529700000
1744,0,1744,38.5244115900,-111.7529700000
1745,0,1745,38.5244299000,-111.7529700000
1746,0,1746,38.5244482100,-111.7529700000
1747,0,1747,38.5244665100,-111.7529930000
1748,0,1748,38.5244848200,-111.7529930000
1749,0,1749,38.5244848200,-111.7529930000
1750,0,1750,38.5245031400,-111.7529930000
1751,0,1751,38.5245214500,-111.7529930000
1752,0,1752,38.5245397600,-111.7529930000
1753,0,1753,38.5245580900,-111.7529700000
1754,0,1754,38.5245764000,-111.7529700000
1755,0,1755,38.5245947100,-111.7529700000
1756,0,1756,38.5246130200,-111.7529700000
1757,0,1757,38.5246313400,-111.7529700000
1758,0,1758,38.5246496500,-111.7529700000
1759,0,1759,38.5246679600,-111.7529700000
1760,0,1760,38.5246862700,-111.7529700000
1761,0,1761,38.5247046000,-111.7529470000
1762,0,1762,38.5247229100,-111.7529470000
1763,0,1763,38.5247412300,-111.7529470000
1764,0,1764,38.5247595400,-111.7529470000
1765,0,1765,38.5247778500,-111.7529470000
1766,0,1766,38.5247778500,-111.7529470000
1767,0,1767,38.5247961500,-111.7529700000
1768,0,1768,38.5247961400,-111.7529930000
1769,0,1769,38.5248144400,-111.7530170000
1770,0,1770,38.5248327400,-111.7530400000
1771,0,1771,38.5248327200,-111.7530630000
1772,0,1772,38.5248510200,-111.7530870000
1773,0,1773,38.5248510100,-111.7531100000
1774,0,1774,38.5248693100,-111.7531330000
1775,0,1775,38.5248691700,-111.7533900000
1776,0,1776,38.5248691800,-111.7533660000
1777,0,1777,38.5248691900,-111.7533430000
1778,0,1778,38.5248692000,-111.7533200000
1779,0,1779,38.5248692200,-111.7532960000
1780,0,1780,38.5248692300,-111.7532730000
1781,0,1781,38.5248692400,-111.7532500000
1782,0,1782,38.5248692600,-111.7532260000
1783,0,1783,38.5248692700,-111.7532030000
1784,0,1784,38.5248692800,-111.7531800000
1785,0,1785,38.5248693000,-111.7531570000
1786,0,1786,38.5248693100,-111.7531330000
1787,0,1787,38.5248691700,-111.7533900000
1788,0,1788,38.5248874800,-111.7533900000
1789,0,1789,38.5249057900,-111.7533900000
1790,0,1790,38.5249241000,-111.7533900000
1791,0,1791,38.5249424200,-111.7533900000
1792,0,1792,38.5249607300,-111.7533900000
1793,0,1793,38.5249790500,-111.7533660000
1794,0,1794,38.5249973700,-111.7533660000
1795,0,1795,38.5250156800,-111.7533660000
1796,0,1796,38.5250339900,-111.7533660000
1797,0,1797,38.5250523000,-111.7533670000
1798,0,1798,38.5250706200,-111.7533670000
1799,0,1799,38.5250889300,-111.7533670000
1800,0,1800,38.5250889300,-111.7533670000
1801,0,1801,38.5251072400,-111.7533670000
1802,0,1802,38.5251255500,-111.7533670000
1803,0,1803,38.5251438800,-111.7533430000
1804,0,1804,38.5251621900,-111.7533430000
1805,0,1805,38.5251805000,-111.7533430000
1806,0,1806,38.5251988200,-111.7533430000
1807,0,1807,38.5252171300,-111.7533430000
1808,0,1808,38.5252354600,-111.7533200000
1809,0,1809,38.5252537700,-111.7533200000
1810,0,1810,38.5252720800,-111.7533200000
1811,0,1811,38.5252720800,-111.7533200000
1812,0,1812,38.5252720900,-111.7532970000
1813,0,1813,38.5252904200,-111.7532730000
1814,0,1814,38.5252904300,-111.7532500000
1815,0,1815,38.5252904500,-111.7532270000
1816,0,1816,38.5252904600,-111.7532040000
1817,0,1817,38.5253087800,-111.7531800000
1818,0,1818,38.5253088000,-111.7531570000
1819,0,1819,38.5253088100,-111.7531340000
1820,0,1820,38.5253088200,-111.7531100000
1821,0,1821,38.5253271500,-111.7530870000
1822,0,1822,38.5253271600,-111.7530640000
1823,0,1823,38.5253271800,-111.7530400000
1824,0,1824,38.5253271800,-111.7530400000
1825,0,1825,38.5253455000,-111.7530170000
1826,0,1826,38.5253638300,-111.7529940000
1827,0,1827,38.5253821500,-111.7529710000
1828,0,1828,38.5254004600,-111.7529710000
1829,0,1829,38.5254187900,-111.7529470000
1830,0,1830,38.5254371200,-111.7529240000
1831,0,1831,38.5255836200,-111.7529240000
1832,0,1832,38.5255653000,-111.7529240000
1833,0,1833,38.5255469900,-111.7529240000
1834,0,1834,38.5255286800,-111.7529240000
1835,0,1835,38.5255103700,-111.7529240000
1836,0,1836,38.5254920500,-111.7529240000
1837,0,1837,38.5254737400,-111.7529240000
1838,0,1838,38.5254554300,-111.7529240000
1839,0,1839,38.5254371200,-111.7529240000
1840,0,1840,38.5255836200,-111.7529240000
1841,0,1841,38.5256019200,-111.7529470000
1842,0,1842,38.5256202300,-111.7529470000
1843,0,1843,38.5256385300,-111.7529710000
1844,0,1844,38.5256568400,-111.7529710000
1845,0,1845,38.5256751400,-111.7529940000
1846,0,1846,38.5256934500,-111.7529940000
1847,0,1847,38.5256932800,-111.7532970000
1848,0,1848,38.5256933000,-111.7532740000
1849,0,1849,38.5256933100,-111.7532510000
1850,0,1850,38.5256933200,-111.7532270000
1851,0,1851,38.5256933300,-111.7532040000
1852,0,1852,38.5256933500,-111.7531810000
1853,0,1853,38.5256933600,-111.7531570000
1854,0,1854,38.5256933700,-111.7531340000
1855,0,1855,38.5256933900,-111.7531110000
1856,0,1856,38.5256934000,-111.7530870000
1857,0,1857,38.5256934100,-111.7530640000
1858,0,1858,38.5256934300,-111.7530410000
1859,0,1859,38.5256934400,-111.7530170000
1860,0,1860,38.5256934500,-111.7529940000
1861,0,1861,38.5256932800,-111.7532970000
1862,0,1862,38.5257115800,-111.7533200000
1863,0,1863,38.5257298800,-111.7533440000
1864,0,1864,38.5257298700,-111.7533670000
1865,0,1865,38.5257481700,-111.7533900000
1866,0,1866,38.5257664700,-111.7534140000
1867,0,1867,38.5257847700,-111.7534370000
1868,0,1868,38.5257847500,-111.7534600000
1869,0,1869,38.5258030500,-111.7534840000
1870,0,1870,38.5258030500,-111.7534840000
1871,0,1871,38.5258213700,-111.7534840000
1872,0,1872,38.5258396900,-111.7534600000
1873,0,1873,38.5258580000,-111.7534600000
1874,0,1874,38.5258763200,-111.7534610000
1875,0,1875,38.5258946300,-111.7534610000
1876,0,1876,38.5259129500,-111.7534370000
1877,0,1877,38.5259312700,-111.7534370000
1878,0,1878,38.5259495800,-111.7534370000
1879,0,1879,38.5259678900,-111.7534370000
1880,0,1880,38.5259862200,-111.7534140000
1881,0,1881,38.5260045300,-111.7534140000
1882,0,1882,38.5260045300,-111.7534140000
1883,0,1883,38.5260228600,-111.7533910000
1884,0,1884,38.5260411800,-111.7533670000
1885,0,1885,38.5260594900,-111.7533670000
1886,0,1886,38.5260778200,-111.7533440000
1887,0,1887,38.5260961500,-111.7533210000
1888,0,1888,38.5261144700,-111.7532980000
1889,0,1889,38.5261327800,-111.7532980000
1890,0,1890,38.5261511100,-111.7532740000
1891,0,1891,38.5261694400,-111.7532510000
1892,0,1892,38.5261877600,-111.7532280000
1893,0,1893,38.5262060700,-111.7532280000
1894,0,1894,38.5262244000,-111.7532040000
1895,0,1895,38.5262427200,-111.7531810000
1896,0,1896,38.5262427200,-111.7531810000
1897,0,1897,38.5262427400,-111.7531580000
1898,0,1898,38.5262244400,-111.7531340000
1899,0,1899,38.5262244500,-111.7531110000
1900,0,1900,38.5262244600,-111.7530880000
1901,0,1901,38.5262244800,-111.7530650000
1902,0,1902,38.5262061800,-111.7530410000
1903,0,1903,38.5262061900,-111.7530180000
1904,0,1904,38.5262062000,-111.7529950000
1905,0,1905,38.5262062200,-111.7529710000
1906,0,1906,38.5261879200,-111.7529480000
1907,0,1907,38.5261879300,-111.7529250000
1908,0,1908,38.5261879300,-111.7529250000
1909,0,1909,38.5261879400,-111.7529010000
1910,0,1910,38.5261879600,-111.7528780000
1911,0,1911,38.5262062800,-111.7528550000
1912,0,1912,38.5262063000,-111.7528310000
1913,0,1913,38.5262063100,-111.7528080000
1914,0,1914,38.5262063200,-111.7527850000
1915,0,1915,38.5262063300,-111.7527610000
1916,0,1916,38.5262063500,-111.7527380000
1917,0,1917,38.5262246700,-111.7527150000
1918,0,1918,38.5262246900,-111.7526920000
1919,0,1919,38.5262247000,-111.7526680000
1920,0,1920,38.5262247100,-111.7526450000
1921,0,1921,38.5262247100,-111.7526450000
1922,0,1922,38.5262247200,-111.7526220000
1923,0,1923,38.5262430500,-111.7525980000
1924,0,1924,38.5262430600,-111.7525750000
1925,0,1925,38.5262430800,-111.7525520000
1926,0,1926,38.5262430900,-111.7525280000
1927,0,1927,38.5262614100,-111.7525050000
1928,0,1928,38.5262614300,-111.7524820000
1929,0,1929,38.5262614400,-111.7524580000
1930,0,1930,38.5262614500,-111.7524350000
1931,0,1931,38.5262797800,-111.7524120000
1932,0,1932,38.5262797900,-111.7523890000
1933,0,1933,38.5262797900,-111.7523890000
1934,0,1934,38.5262981200,-111.7523650000
1935,0,1935,38.5263164400,-111.7523420000
1936,0,1936,38.5263347700,-111.7523190000
1937,0,1937,38.5263530900,-111.7522950000
1938,0,1938,38.5263714200,-111.7522720000
1939,0,1939,38.5263714200,-111.7522720000
1940,0,1940,38.5263897300,-111.7522720000
1941,0,1941,38.5264080400,-111.7522720000
1942,0,1942,38.5264263400,-111.7522950000
1943,0,1943,38.5264446600,-111.7522950000
1944,0,1944,38.5264629700,-111.7522950000
1945,0,1945,38.5264812800,-111.7522950000
1946,0,1946,38.5264995900,-111.7522950000
1947,0,1947,38.5265179100,-111.7522960000
1948,0,1948,38.5265362100,-111.7523190000
1949,0,1949,38.5265545200,-111.7523190000
1950,0,1950,38.5265728300,-111.7523190000
1951,0,1951,38.5265728300,-111.7523190000
1952,0,1952,38.5265911400,-111.7523190000
1953,0,1953,38.5266094600,-111.7523190000
1954,0,1954,38.5266277700,-111.7523190000
1955,0,1955,38.5266460800,-111.7523190000
1956,0,1956,38.5266643900,-111.7523190000
1957,0,1957,38.5266827100,-111.7523190000
1958,0,1958,38.5267010100,-111.7523420000
1959,0,1959,38.5267193200,-111.7523420000
1960,0,1960,38.5267376300,-111.7523420000
1961,0,1961,38.5267559400,-111.7523420000
1962,0,1962,38.5267742600,-111.7523420000
1963,0,1963,38.5267925700,-111.7523420000
1964,0,1964,38.5268108800,-111.7523420000
1965,0,1965,38.5268291900,-111.7523420000
1966,0,1966,38.5268291900,-111.7523420000
1967,0,1967,38.5268475100,-111.7523420000
1968,0,1968,38.5268658200,-111.7523420000
1969,0,1969,38.5268841300,-111.7523420000
1970,0,1970,38.5269024400,-111.7523420000
1971,0,1971,38.5269207400,-111.7523660000
1972,0,1972,38.5269390600,-111.7523660000
1973,0,1973,38.5269573700,-111.7523660000
1974,0,1974,38.5269756800,-111.7523660000
1975,0,1975,38.5269939900,-111.7523660000
1976,0,1976,38.5269939900,-111.7523660000
1977,0,1977,38.5270123100,-111.7523660000
1978,0,1978,38.5270306300,-111.7523430000
1979,0,1979,38.5270489400,-111.7523430000
1980,0,1980,38.5270672600,-111.7523430000
1981,0,1981,38.5270855800,-111.7523190000
1982,0,1982,38.5271039000,-111.7523190000
1983,0,1983,38.5271222200,-111.7522960000
1984,0,1984,38.5271405300,-111.7522960000
1985,0,1985,38.5271588500,-111.7522960000
1986,0,1986,38.5271771700,-111.7522730000
1987,0,1987,38.5271954800,-111.7522730000
1988,0,1988,38.5271954800,-111.7522730000
1989,0,1989,38.5272138000,-111.7522730000
1990,0,1990,38.5272321100,-111.7522730000
1991,0,1991,38.5272504200,-111.7522730000
1992,0,1992,38.5272687200,-111.7522960000
1993,0,1993,38.5272870300,-111.7522960000
1994,0,1994,38.5273053500,-111.7522960000
1995,0,1995,38.5273236600,-111.7522960000
1996,0,1996,38.5273236600,-111.7522960000
1997,0,1997,38.5273236700,-111.7522730000
1998,0,1998,38.5273236800,-111.7522500000
1999,0,1999,38.5273237000,-111.7522260000
2000,0,2000,38.5273054000,-111.7522030000
2001,0,2001,38.5273054100,-111.7521800000
2002,0,2002,38.5273054200,-111.7521560000
2003,0,2003,38.5273054400,-111.7521330000
2004,0,2004,38.5273054400,-111.7521330000
2005,0,2005,38.5273237600,-111.7521100000
2006,0,2006,38.5273420700,-111.7521100000
2007,0,2007,38.5273604000,-111.7520860000
2008,0,2008,38.5273787300,-111.7520630000
2009,0,2009,38.5273970500,-111.7520400000
2010,0,2010,38.5274153600,-111.7520400000
2011,0,2011,38.5274336900,-111.7520170000
2012,0,2012,38.5274336900,-111.7520170000
2013,0,2013,38.5274520100,-111.7519930000
2014,0,2014,38.5274520300,-111.7519700000
2015,0,2015,38.5274703500,-111.7519470000
2016,0,2016,38.5274703700,-111.7519230000
2017,0,2017,38.5274703700,-111.7519230000
2018,0,2018,38.5274886800,-111.7519230000
2019,0,2019,38.5275070000,-111.7519000000
2020,0,2020,38.5275253200,-111.7519000000
2021,0,2021,38.5275436400,-111.7518770000
2022,0,2022,38.5275619500,-111.7518770000
2023,0,2023,38.5275802800,-111.7518540000
2024,0,2024,38.5275985900,-111.7518540000
2025,0,2025,38.5275985900,-111.7518540000
2026,0,2026,38.5276169000,-111.7518540000
2027,0,2027,38.5276352200,-111.7518540000
2028,0,2028,38.5276535300,-111.7518540000
2029,0,2029,38.5276718400,-111.7518540000
2030,0,2030,38.5276901700,-111.7518300000
2031,0,2031,38.5277084800,-111.7518300000
2032,0,2032,38.5277267900,-111.7518300000
2033,0,2033,38.5277451000,-111.7518300000
2034,0,2034,38.5277634200,-111.7518300000
2035,0,2035,38.5277817300,-111.7518300000
2036,0,2036,38.5277817300,-111.7518300000
2037,0,2037,38.5278000400,-111.7518300000
2038,0,2038,38.5278183400,-111.7518540000
2039,0,2039,38.5278366500,-111.7518540000
2040,0,2040,38.5278549500,-111.7518770000
2041,0,2041,38.5278732700,-111.7518770000
2042,0,2042,38.5278915800,-111.7518770000
2043,0,2043,38.5279098800,-111.7519000000
2044,0,2044,38.5279281900,-111.7519000000
2045,0,2045,38.5279281900,-111.7519000000
2046,0,2046,38.5279465200,-111.7518770000
2047,0,2047,38.5279465300,-111.7518540000
2048,0,2048,38.5279648600,-111.7518310000
2049,0,2049,38.5279648700,-111.7518070000
2050,0,2050,38.5279831900,-111.7517840000
2051,0,2051,38.5279832100,-111.7517610000
2052,0,2052,38.5280015300,-111.7517370000
2053,0,2053,38.5281480300,-111.7517370000
2054,0,2054,38.5281297200,-111.7517370000
2055,0,2055,38.5281114100,-111.7517370000
2056,0,2056,38.5280930900,-111.7517370000
2057,0,2057,38.5280747800,-111.7517370000
2058,0,2058,38.5280564700,-111.7517370000
2059,0,2059,38.5280381600,-111.7517370000
2060,0,2060,38.5280198400,-111.7517370000
2061,0,2061,38.5280015300,-111.7517370000
2062,0,2062,38.5281480300,-111.7517370000
2063,0,2063,38.5281663400,-111.7517370000
2064,0,2064,38.5281846600,-111.7517380000
2065,0,2065,38.5282029700,-111.7517380000
2066,0,2066,38.5282212900,-111.7517140000
2067,0,2067,38.5282396100,-111.7517140000
2068,0,2068,38.5282579200,-111.7517140000
2069,0,2069,38.5282762300,-111.7517140000
2070,0,2070,38.5282945400,-111.7517140000
