seq_coast_tube_id,success,sample,tree,sample_type,lat,lon,distance_from_edge,distance_from_fence,fenced,fwd_filepath,rev_filepath,sra_bioproject,sra_study,sra_accession,sra_locatlon,collection_round,tube_id_year,seq_date,amplicon
1,SUCCESSFUL,epi_blank_2,NA,epiphyte,NA,NA,NA,NA,NA,./Data/Raw/4539_1_S1_R1_001.fastq.gz,./Data/Raw/4539_1_S1_R2_ITS1.fastq.gz,PRJNA1076591,SRP489788,SRR27970064,NA,2023,1_2023,2023,ITS2
10,SUCCESSFUL,end_a29,a29,endophyte,38.52161,-111.75378,97.0660429475422,171.270414777895,NA,./Data/Raw/4539_10_S10_R1_001.fastq.gz,./Data/Raw/4539_10_S10_R2_ITS1.fastq.gz,PRJNA1076591,SRP489788,SRR27970063,38.52161 N 111.75378 W,2023,10_2023,2023,ITS2
100,SUCCESSFUL,epi_f2,f2,epiphyte,38.52285,-111.7495,51.9404774546058,20.2051708865723,NA,./Data/Raw/4539_100_S100_R1_001.fastq.gz,./Data/Raw/4539_100_S100_R2_ITS1.fastq.gz,PRJNA1076591,SRP489788,SRR27969940,38.52285 N 111.7495 W,2023,100_2023,2023,ITS2
101,SUCCESSFUL,epi_b5,b5,epiphyte,38.52755,-111.74496,46.7718382573299,124.871406991902,NA,./Data/Raw/4539_101_S101_R1_001.fastq.gz,./Data/Raw/4539_101_S101_R2_ITS1.fastq.gz,PRJNA1076591,SRP489788,SRR27970035,38.52755 N 111.74496 W,2023,101_2023,2023,ITS2
102,SUCCESSFUL,epi_c6,c6,epiphyte,38.52699,-111.74737,123.233973572566,4.76025469361844,NA,./Data/Raw/4539_102_S102_R1_001.fastq.gz,./Data/Raw/4539_102_S102_R2_ITS1.fastq.gz,PRJNA1076591,SRP489788,SRR27970024,38.52699 N 111.74737 W,2023,102_2023,2023,ITS2
103,SUCCESSFUL,epi_g3,g3,epiphyte,38.5233,-111.7525,19.5591169452973,28.7095004705053,NA,./Data/Raw/4539_103_S103_R1_001.fastq.gz,./Data/Raw/4539_103_S103_R2_ITS1.fastq.gz,PRJNA1076591,SRP489788,#N/A,38.5233 N 111.7525 W,2023,103_2023,2023,ITS2
104,SUCCESSFUL,epi_d4,d4,epiphyte,38.52588,-111.74762,98.37864508035,36.5219612755618,NA,./Data/Raw/4539_104_S104_R1_001.fastq.gz,./Data/Raw/4539_104_S104_R2_ITS1.fastq.gz,PRJNA1076591,SRP489788,SRR27970013,38.52588 N 111.74762 W,2023,104_2023,2023,ITS2
105,SUCCESSFUL,epi_e1,e1,epiphyte,38.52361,-111.74828,13.9356387439773,10.0517518352539,NA,./Data/Raw/4539_105_S105_R1_001.fastq.gz,./Data/Raw/4539_105_S105_R2_ITS1.fastq.gz,PRJNA1076591,SRP489788,SRR27969924,38.52361 N 111.74828 W,2023,105_2023,2023,ITS2
106,SUCCESSFUL,epi_k4,k4,epiphyte,38.52971,-111.74688,6.49072389847444,245.533780147013,NA,./Data/Raw/4539_106_S106_R1_001.fastq.gz,./Data/Raw/4539_106_S106_R2_ITS1.fastq.gz,PRJNA1076591,SRP489788,SRR27969913,38.52971 N 111.74688 W,2023,106_2023,2023,ITS2
107,SUCCESSFUL,epi_a22,a22,epiphyte,38.52383,-111.75158,60.2627450636108,46.022202034977,NA,./Data/Raw/4539_107_S107_R1_001.fastq.gz,./Data/Raw/4539_107_S107_R2_ITS1.fastq.gz,PRJNA1076591,SRP489788,SRR27969980,38.52383 N 111.75158 W,2023,107_2023,2023,ITS2
108,FAILED,epi_j5,j5,epiphyte,38.52583,-111.75126,106.770661918765,142.641017466929,NA,./Data/Raw/4539_108_S108_R1_001.fastq.gz,./Data/Raw/4539_108_S108_R2_ITS1.fastq.gz,PRJNA1076591,SRP489788,SRR27969969,38.52583 N 111.75126 W,2023,108_2023,2023,ITS2
109,SUCCESSFUL,epi_e4,e4,epiphyte,38.52377,-111.74941,110.257524525243,54.4276971070293,NA,./Data/Raw/4539_109_S109_R1_001.fastq.gz,./Data/Raw/4539_109_S109_R2_ITS1.fastq.gz,PRJNA1076591,SRP489788,SRR27970062,38.52377 N 111.74941 W,2023,109_2023,2023,ITS2
11,SUCCESSFUL,end_d2,d2,endophyte,38.52595,-111.7478,115.285717655604,19.9451269036638,NA,./Data/Raw/4539_11_S11_R1_001.fastq.gz,./Data/Raw/4539_11_S11_R2_ITS1.fastq.gz,PRJNA1076591,SRP489788,SRR27970051,38.52595 N 111.7478 W,2023,11_2023,2023,ITS2
110,SUCCESSFUL,epi_a21,a21,epiphyte,38.5241,-111.75113,103.303171826823,46.4270191245313,NA,./Data/Raw/4539_110_S110_R1_001.fastq.gz,./Data/Raw/4539_110_S110_R2_ITS1.fastq.gz,PRJNA1076591,SRP489788,SRR27970040,38.5241 N 111.75113 W,2023,110_2023,2023,ITS2
111,FAILED,epi_d1,d1,epiphyte,38.52608,-111.74794,133.886382625201,6.12499082836142,NA,./Data/Raw/4539_111_S111_R1_001.fastq.gz,./Data/Raw/4539_111_S111_R2_ITS1.fastq.gz,PRJNA1076591,SRP489788,SRR27970001,38.52608 N 111.74794 W,2023,111_2023,2023,ITS2
112,SUCCESSFUL,epi_c2,c2,epiphyte,38.5266,-111.74606,34.8561664634997,16.3415843363593,NA,./Data/Raw/4539_112_S112_R1_001.fastq.gz,./Data/Raw/4539_112_S112_R2_ITS1.fastq.gz,PRJNA1076591,SRP489788,SRR27969990,38.5266 N 111.74606 W,2023,112_2023,2023,ITS2
113,SUCCESSFUL,epi_b3,b3,epiphyte,38.52745,-111.74618,50.8407830826581,46.8147222866106,NA,./Data/Raw/4539_113_S113_R1_001.fastq.gz,./Data/Raw/4539_113_S113_R2_ITS1.fastq.gz,PRJNA1076591,SRP489788,SRR27969957,38.52745 N 111.74618 W,2023,113_2023,2023,ITS2
114,SUCCESSFUL,epi_a14,a14,epiphyte,38.52655,-111.74905,125.172318318325,70.2642932871932,NA,./Data/Raw/4539_114_S114_R1_001.fastq.gz,./Data/Raw/4539_114_S114_R2_ITS1.fastq.gz,PRJNA1076591,SRP489788,SRR27969946,38.52655 N 111.74905 W,2023,114_2023,2023,ITS2
115,SUCCESSFUL,epi_c1,c1,epiphyte,38.5273,-111.74474,13.5031208669967,117.585310883744,NA,./Data/Raw/4539_115_S115_R1_001.fastq.gz,./Data/Raw/4539_115_S115_R2_ITS1.fastq.gz,PRJNA1076591,SRP489788,SRR27969943,38.5273 N 111.74474 W,2023,115_2023,2023,ITS2
116,SUCCESSFUL,epi_g6,g6,epiphyte,38.52432,-111.75298,3.59730080443423,8.29763588846612,NA,./Data/Raw/4539_116_S116_R1_001.fastq.gz,./Data/Raw/4539_116_S116_R2_ITS1.fastq.gz,PRJNA1076591,SRP489788,SRR27969942,38.52432 N 111.75298 W,2023,116_2023,2023,ITS2
117,SUCCESSFUL,epi_e6,e6,epiphyte,38.52402,-111.7499,155.030985031787,4.5346998035262,NA,./Data/Raw/4539_117_S117_R1_001.fastq.gz,./Data/Raw/4539_117_S117_R2_ITS1.fastq.gz,PRJNA1076591,SRP489788,SRR27969941,38.52402 N 111.7499 W,2023,117_2023,2023,ITS2
118,FAILED,epi_a12,a12,epiphyte,38.52712,-111.74876,84.9539770528876,22.8920659435235,NA,./Data/Raw/4539_118_S118_R1_001.fastq.gz,./Data/Raw/4539_118_S118_R2_ITS1.fastq.gz,PRJNA1076591,SRP489788,SRR27969939,38.52712 N 111.74876 W,2023,118_2023,2023,ITS2
119,SUCCESSFUL,end_a12,a12,endophyte,38.52712,-111.74876,84.9539770528876,22.8920659435235,NA,./Data/Raw/4539_119_S119_R1_001.fastq.gz,./Data/Raw/4539_119_S119_R2_ITS1.fastq.gz,PRJNA1076591,SRP489788,SRR27969938,38.52712 N 111.74876 W,2023,119_2023,2023,ITS2
12,SUCCESSFUL,end_j10,j10,endophyte,38.52538,-111.74939,192.998321947743,33.7561327261879,NA,./Data/Raw/4539_12_S12_R1_001.fastq.gz,./Data/Raw/4539_12_S12_R2_ITS1.fastq.gz,PRJNA1076591,SRP489788,SRR27969937,38.52538 N 111.74939 W,2023,12_2023,2023,ITS2
120,SUCCESSFUL,epi_a10,a10,epiphyte,38.527589999999996,-111.74859,75.1108907027941,29.4965063809969,NA,./Data/Raw/4539_120_S120_R1_001.fastq.gz,./Data/Raw/4539_120_S120_R2_ITS1.fastq.gz,PRJNA1076591,SRP489788,#N/A,38.52759 N 111.74859 W,2023,120_2023,2023,ITS2
121,SUCCESSFUL,epi_a15,a15,epiphyte,38.52631,-111.74897,152.738137499474,54.328151069016,NA,./Data/Raw/4539_121_S121_R1_001.fastq.gz,./Data/Raw/4539_121_S121_R2_ITS1.fastq.gz,PRJNA1076591,SRP489788,SRR27969936,38.52631 N 111.74897 W,2023,121_2023,2023,ITS2
122,SUCCESSFUL,epi_b4,b4,epiphyte,38.52747,-111.74536,36.9718859748203,94.1812925094326,NA,./Data/Raw/4539_122_S122_R1_001.fastq.gz,./Data/Raw/4539_122_S122_R2_ITS1.fastq.gz,PRJNA1076591,SRP489788,SRR27969935,38.52747 N 111.74536 W,2023,122_2023,2023,ITS2
123,SUCCESSFUL,epi_a16,a16,epiphyte,38.52597,-111.74899,188.752268159185,38.5971302822917,NA,./Data/Raw/4539_123_S123_R1_001.fastq.gz,./Data/Raw/4539_123_S123_R2_ITS1.fastq.gz,PRJNA1076591,SRP489788,SRR27969934,38.52597 N 111.74899 W,2023,123_2023,2023,ITS2
124,SUCCESSFUL,epi_d6,d6,epiphyte,38.52564,-111.74675,20.4493937478916,22.100926710416,NA,./Data/Raw/4539_124_S124_R1_001.fastq.gz,./Data/Raw/4539_124_S124_R2_ITS1.fastq.gz,PRJNA1076591,SRP489788,SRR27969933,38.52564 N 111.74675 W,2023,124_2023,2023,ITS2
125,FAILED,epi_a1,a1,epiphyte,38.52928,-111.74569,1.34839380661979,230.707364710865,NA,./Data/Raw/4539_125_S125_R1_001.fastq.gz,./Data/Raw/4539_125_S125_R2_ITS1.fastq.gz,PRJNA1076591,SRP489788,SRR27969932,38.52928 N 111.74569 W,2023,125_2023,2023,ITS2
126,SUCCESSFUL,epi_c4,c4,epiphyte,38.52653,-111.74684,81.2703392623411,66.9697332242169,NA,./Data/Raw/4539_126_S126_R1_001.fastq.gz,./Data/Raw/4539_126_S126_R2_ITS1.fastq.gz,PRJNA1076591,SRP489788,SRR27969931,38.52653 N 111.74684 W,2023,126_2023,2023,ITS2
127,SUCCESSFUL,epi_f5,f5,epiphyte,38.52351,-111.75066,129.753511147315,25.1049818864537,NA,./Data/Raw/4539_127_S127_R1_001.fastq.gz,./Data/Raw/4539_127_S127_R2_ITS1.fastq.gz,PRJNA1076591,SRP489788,SRR27970036,38.52351 N 111.75066 W,2023,127_2023,2023,ITS2
128,SUCCESSFUL,epi_b1,b1,epiphyte,38.52785,-111.74683,84.0066659502382,43.4482280796851,NA,./Data/Raw/4539_128_S128_R1_001.fastq.gz,./Data/Raw/4539_128_S128_R2_ITS1.fastq.gz,PRJNA1076591,SRP489788,SRR27970034,38.52785 N 111.74683 W,2023,128_2023,2023,ITS2
129,SUCCESSFUL,end_e5,e5,endophyte,38.52389,-111.74969,135.087422589326,27.8234721321091,NA,./Data/Raw/4539_129_S129_R1_001.fastq.gz,./Data/Raw/4539_129_S129_R2_ITS1.fastq.gz,PRJNA1076591,SRP489788,SRR27970033,38.52389 N 111.74969 W,2023,129_2023,2023,ITS2
13,SUCCESSFUL,end_h2,h2,endophyte,38.52394,-111.75238,5.01761110558503,66.2314032351496,NA,./Data/Raw/4539_13_S13_R1_001.fastq.gz,./Data/Raw/4539_13_S13_R2_ITS1.fastq.gz,PRJNA1076591,SRP489788,#N/A,38.52394 N 111.75238 W,2023,13_2023,2023,ITS2
130,SUCCESSFUL,epi_f6,f6,epiphyte,38.52357,-111.75073,134.872370820891,20.217551041332,NA,./Data/Raw/4539_130_S130_R1_001.fastq.gz,./Data/Raw/4539_130_S130_R2_ITS1.fastq.gz,PRJNA1076591,SRP489788,SRR27970032,38.52357 N 111.75073 W,2023,130_2023,2023,ITS2
131,SUCCESSFUL,end_f4,f4,endophyte,38.52332,-111.75043,101.805125460274,27.8641700219766,NA,./Data/Raw/4539_131_S131_R1_001.fastq.gz,./Data/Raw/4539_131_S131_R2_ITS1.fastq.gz,PRJNA1076591,SRP489788,SRR27970031,38.52332 N 111.75043 W,2023,131_2023,2023,ITS2
132,SUCCESSFUL,end_j8,j8,endophyte,38.52533,-111.7501,221.855199071618,84.9684719835822,NA,./Data/Raw/4539_132_S132_R1_001.fastq.gz,./Data/Raw/4539_132_S132_R2_ITS1.fastq.gz,PRJNA1076591,SRP489788,SRR27970030,38.52533 N 111.7501 W,2023,132_2023,2023,ITS2
133,SUCCESSFUL,end_b2,b2,endophyte,38.52767,-111.74645,70.2919423831755,48.3499341281835,NA,./Data/Raw/4539_133_S133_R1_001.fastq.gz,./Data/Raw/4539_133_S133_R2_ITS1.fastq.gz,PRJNA1076591,SRP489788,SRR27970029,38.52767 N 111.74645 W,2023,133_2023,2023,ITS2
134,WEAK,epi_k2,k2,epiphyte,38.52954,-111.74617,6.80631899890538,239.345057895359,NA,./Data/Raw/4539_134_S134_R1_001.fastq.gz,./Data/Raw/4539_134_S134_R2_ITS1.fastq.gz,PRJNA1076591,SRP489788,SRR27970028,38.52954 N 111.74617 W,2023,134_2023,2023,ITS2
135,SUCCESSFUL,end_a10,a10,endophyte,38.527589999999996,-111.74859,75.1108907027941,29.4965063809969,NA,./Data/Raw/4539_135_S135_R1_001.fastq.gz,./Data/Raw/4539_135_S135_R2_ITS1.fastq.gz,PRJNA1076591,SRP489788,SRR27970027,38.52759 N 111.74859 W,2023,135_2023,2023,ITS2
136,SUCCESSFUL,epi_b2,b2,epiphyte,38.52767,-111.74645,70.2919423831755,48.3499341281835,NA,./Data/Raw/4539_136_S136_R1_001.fastq.gz,./Data/Raw/4539_136_S136_R2_ITS1.fastq.gz,PRJNA1076591,SRP489788,SRR27970026,38.52767 N 111.74645 W,2023,136_2023,2023,ITS2
137,SUCCESSFUL,end_a2,a2,endophyte,38.52917,-111.7458,16.7734107541774,215.310747709285,NA,./Data/Raw/4539_137_S137_R1_001.fastq.gz,./Data/Raw/4539_137_S137_R2_ITS1.fastq.gz,PRJNA1076591,SRP489788,SRR27970025,38.52917 N 111.7458 W,2023,137_2023,2023,ITS2
138,SUCCESSFUL,end_a22,a22,endophyte,38.52383,-111.75158,60.2627450636108,46.022202034977,NA,./Data/Raw/4539_138_S138_R1_001.fastq.gz,./Data/Raw/4539_138_S138_R2_ITS1.fastq.gz,PRJNA1076591,SRP489788,#N/A,38.52383 N 111.75158 W,2023,138_2023,2023,ITS2
139,SUCCESSFUL,end_a6,a6,endophyte,38.52836,-111.74717,65.2059261963707,94.770005547821,NA,./Data/Raw/4539_139_S139_R1_001.fastq.gz,./Data/Raw/4539_139_S139_R2_ITS1.fastq.gz,PRJNA1076591,SRP489788,SRR27970023,38.52836 N 111.74717 W,2023,139_2023,2023,ITS2
14,SUCCESSFUL,end_a17,a17,endophyte,38.5255,-111.74918,188.498044241749,28.2696800217646,NA,./Data/Raw/4539_14_S14_R1_001.fastq.gz,./Data/Raw/4539_14_S14_R2_ITS1.fastq.gz,PRJNA1076591,SRP489788,SRR27970022,38.5255 N 111.74918 W,2023,14_2023,2023,ITS2
141,SUCCESSFUL,end_g6,g6,endophyte,38.52432,-111.75298,3.59730080443423,8.29763588846612,NA,./Data/Raw/4539_141_S141_R1_001.fastq.gz,./Data/Raw/4539_141_S141_R2_ITS1.fastq.gz,PRJNA1076591,SRP489788,SRR27970021,38.52432 N 111.75298 W,2023,141_2023,2023,ITS2
142,SUCCESSFUL,end_e3,e3,endophyte,38.52375,-111.74891,66.7138146874101,65.4895254641454,NA,./Data/Raw/4539_142_S142_R1_001.fastq.gz,./Data/Raw/4539_142_S142_R2_ITS1.fastq.gz,PRJNA1076591,SRP489788,SRR27970020,38.52375 N 111.74891 W,2023,142_2023,2023,ITS2
143,SUCCESSFUL,end_k4,k4,endophyte,38.52971,-111.74688,6.49072389847444,245.533780147013,NA,./Data/Raw/4539_143_S143_R1_001.fastq.gz,./Data/Raw/4539_143_S143_R2_ITS1.fastq.gz,PRJNA1076591,SRP489788,SRR27970019,38.52971 N 111.74688 W,2023,143_2023,2023,ITS2
144,SUCCESSFUL,end_a19,a19,endophyte,38.52452,-111.75043,175.564410840518,41.7770457642432,NA,./Data/Raw/4539_144_S144_R1_001.fastq.gz,./Data/Raw/4539_144_S144_R2_ITS1.fastq.gz,PRJNA1076591,SRP489788,SRR27970018,38.52452 N 111.75043 W,2023,144_2023,2023,ITS2
145,SUCCESSFUL,end_e1,e1,endophyte,38.52361,-111.74828,13.9356387439773,10.0517518352539,NA,./Data/Raw/4539_145_S145_R1_001.fastq.gz,./Data/Raw/4539_145_S145_R2_ITS1.fastq.gz,PRJNA1076591,SRP489788,SRR27970017,38.52361 N 111.74828 W,2023,145_2023,2023,ITS2
146,SUCCESSFUL,end_c2,c2,endophyte,38.5266,-111.74606,34.8561664634997,16.3415843363593,NA,./Data/Raw/4539_146_S146_R1_001.fastq.gz,./Data/Raw/4539_146_S146_R2_ITS1.fastq.gz,PRJNA1076591,SRP489788,SRR27970016,38.5266 N 111.74606 W,2023,146_2023,2023,ITS2
147,SUCCESSFUL,end_b6,b6,endophyte,38.5273,-111.74474,13.5031208669967,117.585310883744,NA,./Data/Raw/4539_147_S147_R1_001.fastq.gz,./Data/Raw/4539_147_S147_R2_ITS1.fastq.gz,PRJNA1076591,SRP489788,SRR27970015,38.5273 N 111.74474 W,2023,147_2023,2023,ITS2
148,SUCCESSFUL,end_a8,a8,endophyte,38.52819,-111.74794,98.7336176196354,104.043319682313,NA,./Data/Raw/4539_148_S148_R1_001.fastq.gz,./Data/Raw/4539_148_S148_R2_ITS1.fastq.gz,PRJNA1076591,SRP489788,SRR27970014,38.52819 N 111.74794 W,2023,148_2023,2023,ITS2
149,WEAK,end_blank_2,NA,endophyte,NA,NA,NA,NA,NA,./Data/Raw/4539_149_S149_R1_001.fastq.gz,./Data/Raw/4539_149_S149_R2_ITS1.fastq.gz,PRJNA1076591,SRP489788,SRR27970012,NA,2023,149_2023,2023,ITS2
15,SUCCESSFUL,epi_a13,a13,epiphyte,38.5268,-111.74903,99.8170960195759,56.5833477183092,NA,./Data/Raw/4539_15_S96_R1_001.fastq.gz,./Data/Raw/4539_15_S96_R2_ITS1.fastq.gz,PRJNA1076591,SRP489788,SRR27970011,38.5268 N 111.74903 W,2023,15_2023,2023,ITS2
150,SUCCESSFUL,end_i3,i3,endophyte,38.52399,-111.75126,90.3256336197081,44.1858777445491,NA,./Data/Raw/4539_150_S150_R1_001.fastq.gz,./Data/Raw/4539_150_S150_R2_ITS1.fastq.gz,PRJNA1076591,SRP489788,SRR27970010,38.52399 N 111.75126 W,2023,150_2023,2023,ITS2
151,SUCCESSFUL,end_k3,k3,endophyte,38.5296,-111.74644,3.84792613768378,239.166820910635,NA,./Data/Raw/4539_151_S151_R1_001.fastq.gz,./Data/Raw/4539_151_S151_R2_ITS1.fastq.gz,PRJNA1076591,SRP489788,SRR27970009,38.5296 N 111.74644 W,2023,151_2023,2023,ITS2
152,SUCCESSFUL,end_a15,a15,endophyte,38.52631,-111.74897,152.738137499474,54.328151069016,NA,./Data/Raw/4539_152_S152_R1_001.fastq.gz,./Data/Raw/4539_152_S152_R2_ITS1.fastq.gz,PRJNA1076591,SRP489788,SRR27969930,38.52631 N 111.74897 W,2023,152_2023,2023,ITS2
153,SUCCESSFUL,end_c6,c6,endophyte,38.52699,-111.74737,123.233973572566,4.76025469361844,NA,./Data/Raw/4539_153_S153_R1_001.fastq.gz,./Data/Raw/4539_153_S153_R2_ITS1.fastq.gz,PRJNA1076591,SRP489788,SRR27969929,38.52699 N 111.74737 W,2023,153_2023,2023,ITS2
154,SUCCESSFUL,end_e6,e6,endophyte,38.52402,-111.7499,155.030985031787,4.5346998035262,NA,./Data/Raw/4539_154_S154_R1_001.fastq.gz,./Data/Raw/4539_154_S154_R2_ITS1.fastq.gz,PRJNA1076591,SRP489788,SRR27969928,38.52402 N 111.7499 W,2023,154_2023,2023,ITS2
155,WEAK,end_blank_1,NA,endophyte,NA,NA,NA,NA,NA,./Data/Raw/4539_155_S155_R1_001.fastq.gz,./Data/Raw/4539_155_S155_R2_ITS1.fastq.gz,PRJNA1076591,SRP489788,SRR27969927,NA,2023,155_2023,2023,ITS2
156,SUCCESSFUL,end_a16,a16,endophyte,38.52597,-111.74899,188.752268159185,38.5971302822917,NA,./Data/Raw/4539_156_S156_R1_001.fastq.gz,./Data/Raw/4539_156_S156_R2_ITS1.fastq.gz,PRJNA1076591,SRP489788,SRR27969926,38.52597 N 111.74899 W,2023,156_2023,2023,ITS2
157,SUCCESSFUL,end_g3,g3,endophyte,38.5233,-111.7525,19.5591169452973,28.7095004705053,NA,./Data/Raw/4539_157_S157_R1_001.fastq.gz,./Data/Raw/4539_157_S157_R2_ITS1.fastq.gz,PRJNA1076591,SRP489788,SRR27969925,38.5233 N 111.7525 W,2023,157_2023,2023,ITS2
158,SUCCESSFUL,end_a18,a18,endophyte,38.5249,-111.7497,182.02986695824,29.2288137776338,NA,./Data/Raw/4539_158_S158_R1_001.fastq.gz,./Data/Raw/4539_158_S158_R2_ITS1.fastq.gz,PRJNA1076591,SRP489788,#N/A,38.5249 N 111.7497 W,2023,158_2023,2023,ITS2
159,SUCCESSFUL,end_d6,d6,endophyte,38.52564,-111.74675,20.4493937478916,22.100926710416,NA,./Data/Raw/4539_159_S159_R1_001.fastq.gz,./Data/Raw/4539_159_S159_R2_ITS1.fastq.gz,PRJNA1076591,SRP489788,SRR27969923,38.52564 N 111.74675 W,2023,159_2023,2023,ITS2
16,SUCCESSFUL,epi_j9,j9,epiphyte,38.52525,-111.74982,212.548179609938,60.0320600320119,NA,./Data/Raw/4539_16_S15_R1_001.fastq.gz,./Data/Raw/4539_16_S15_R2_ITS1.fastq.gz,PRJNA1076591,SRP489788,#N/A,38.52525 N 111.74982 W,2023,16_2023,2023,ITS2
160,SUCCESSFUL,end_j9,j9,endophyte,38.52525,-111.74982,212.548179609938,60.0320600320119,NA,./Data/Raw/4539_160_S160_R1_001.fastq.gz,./Data/Raw/4539_160_S160_R2_ITS1.fastq.gz,PRJNA1076591,SRP489788,SRR27969922,38.52525 N 111.74982 W,2023,160_2023,2023,ITS2
161,SUCCESSFUL,end_d5,d5,endophyte,38.52576,-111.7471,53.2461121994414,55.2070139714529,NA,./Data/Raw/4539_161_S161_R1_001.fastq.gz,./Data/Raw/4539_161_S161_R2_ITS1.fastq.gz,PRJNA1076591,SRP489788,SRR27969921,38.52576 N 111.7471 W,2023,161_2023,2023,ITS2
162,SUCCESSFUL,end_j1,j1,endophyte,38.52624,-111.75306,1.78170708342962,2.45801731107087,NA,./Data/Raw/4539_162_S162_R1_001.fastq.gz,./Data/Raw/4539_162_S162_R2_ITS1.fastq.gz,PRJNA1076591,SRP489788,SRR27969920,38.52624 N 111.75306 W,2023,162_2023,2023,ITS2
163,SUCCESSFUL,end_j5,j5,endophyte,38.52583,-111.75126,106.770661918765,142.641017466929,NA,./Data/Raw/4539_163_S163_R1_001.fastq.gz,./Data/Raw/4539_163_S163_R2_ITS1.fastq.gz,PRJNA1076591,SRP489788,#N/A,38.52583 N 111.75126 W,2023,163_2023,2023,ITS2
164,SUCCESSFUL,end_f5,f5,endophyte,38.52351,-111.75066,129.753511147315,25.1049818864537,NA,./Data/Raw/4539_164_S164_R1_001.fastq.gz,./Data/Raw/4539_164_S164_R2_ITS1.fastq.gz,PRJNA1076591,SRP489788,SRR27969919,38.52351 N 111.75066 W,2023,164_2023,2023,ITS2
165,SUCCESSFUL,end_a11,a11,endophyte,38.52724,-111.74861,88.125119050915,7.6959377720891204,NA,./Data/Raw/4539_165_S165_R1_001.fastq.gz,./Data/Raw/4539_165_S165_R2_ITS1.fastq.gz,PRJNA1076591,SRP489788,SRR27969918,38.52724 N 111.74861 W,2023,165_2023,2023,ITS2
166,SUCCESSFUL,end_b5,b5,endophyte,38.52755,-111.74496,46.7718382573299,124.871406991902,NA,./Data/Raw/4539_166_S166_R1_001.fastq.gz,./Data/Raw/4539_166_S166_R2_ITS1.fastq.gz,PRJNA1076591,SRP489788,#N/A,38.52755 N 111.74496 W,2023,166_2023,2023,ITS2
167,SUCCESSFUL,end_c1,c1,endophyte,38.5273,-111.74474,13.5031208669967,117.585310883744,NA,./Data/Raw/4539_167_S167_R1_001.fastq.gz,./Data/Raw/4539_167_S167_R2_ITS1.fastq.gz,PRJNA1076591,SRP489788,SRR27969917,38.5273 N 111.74474 W,2023,167_2023,2023,ITS2
168,SUCCESSFUL,end_h4,h4,endophyte,38.52346,-111.75186,37.6717316830122,26.6397480858893,NA,./Data/Raw/4539_168_S168_R1_001.fastq.gz,./Data/Raw/4539_168_S168_R2_ITS1.fastq.gz,PRJNA1076591,SRP489788,SRR27969916,38.52346 N 111.75186 W,2023,168_2023,2023,ITS2
169,SUCCESSFUL,epi_k1,k1,epiphyte,38.52937,-111.74583,4.29710625419978,233.716848380716,NA,./Data/Raw/4539_169_S169_R1_001.fastq.gz,./Data/Raw/4539_169_S169_R2_ITS1.fastq.gz,PRJNA1076591,SRP489788,SRR27969915,38.52937 N 111.74583 W,2023,169_2023,2023,ITS2
17,SUCCESSFUL,end_f6,f6,endophyte,38.52357,-111.75073,134.872370820891,20.217551041332,NA,./Data/Raw/4539_17_S16_R1_001.fastq.gz,./Data/Raw/4539_17_S16_R2_ITS1.fastq.gz,PRJNA1076591,SRP489788,SRR27969914,38.52357 N 111.75073 W,2023,17_2023,2023,ITS2
170,SUCCESSFUL,epi_h6,h6,epiphyte,38.52331,-111.75155,59.80237358207,2.99802621542214,NA,./Data/Raw/4539_170_S170_R1_001.fastq.gz,./Data/Raw/4539_170_S170_R2_ITS1.fastq.gz,PRJNA1076591,SRP489788,SRR27969912,38.52331 N 111.75155 W,2023,170_2023,2023,ITS2
171,FAILED,epi_f4,f4,epiphyte,38.52332,-111.75043,101.805125460274,27.8641700219766,NA,./Data/Raw/4539_171_S171_R1_001.fastq.gz,./Data/Raw/4539_171_S171_R2_ITS1.fastq.gz,PRJNA1076591,SRP489788,SRR27969911,38.52332 N 111.75043 W,2023,171_2023,2023,ITS2
172,SUCCESSFUL,epi_c5,c5,epiphyte,38.52682,-111.7472,109.859610109753,26.1772158116232,NA,./Data/Raw/4539_172_S172_R1_001.fastq.gz,./Data/Raw/4539_172_S172_R2_ITS1.fastq.gz,PRJNA1076591,SRP489788,SRR27969910,38.52682 N 111.7472 W,2023,172_2023,2023,ITS2
173,SUCCESSFUL,epi_a28,a28,epiphyte,38.52147,-111.7535,81.2073463399133,169.257425488198,NA,./Data/Raw/4539_173_S173_R1_001.fastq.gz,./Data/Raw/4539_173_S173_R2_ITS1.fastq.gz,PRJNA1076591,SRP489788,SRR27969909,38.52147 N 111.7535 W,2023,173_2023,2023,ITS2
174,FAILED,epi_j1,j1,epiphyte,38.52624,-111.75306,1.78170708342962,2.45801731107087,NA,./Data/Raw/4539_174_S174_R1_001.fastq.gz,./Data/Raw/4539_174_S174_R2_ITS1.fastq.gz,PRJNA1076591,SRP489788,SRR27969908,38.52624 N 111.75306 W,2023,174_2023,2023,ITS2
175,SUCCESSFUL,epi_e5,e5,epiphyte,38.52389,-111.74969,135.087422589326,27.8234721321091,NA,./Data/Raw/4539_175_S175_R1_001.fastq.gz,./Data/Raw/4539_175_S175_R2_ITS1.fastq.gz,PRJNA1076591,SRP489788,SRR27969907,38.52389 N 111.74969 W,2023,175_2023,2023,ITS2
176,SUCCESSFUL,epi_h4,h4,epiphyte,38.52346,-111.75186,37.6717316830122,26.6397480858893,NA,./Data/Raw/4539_176_S176_R1_001.fastq.gz,./Data/Raw/4539_176_S176_R2_ITS1.fastq.gz,PRJNA1076591,SRP489788,SRR27969906,38.52346 N 111.75186 W,2023,176_2023,2023,ITS2
177,SUCCESSFUL,epi_g7,g7,epiphyte,38.52478,-111.75275,17.1583133723335,11.0628683798366,NA,./Data/Raw/4539_177_S177_R1_001.fastq.gz,./Data/Raw/4539_177_S177_R2_ITS1.fastq.gz,PRJNA1076591,SRP489788,SRR27969905,38.52478 N 111.75275 W,2023,177_2023,2023,ITS2
178,WEAK,epi_b6,b6,epiphyte,38.5273,-111.74474,13.5031208669967,117.585310883744,NA,./Data/Raw/4539_178_S178_R1_001.fastq.gz,./Data/Raw/4539_178_S178_R2_ITS1.fastq.gz,PRJNA1076591,SRP489788,SRR27969904,38.5273 N 111.74474 W,2023,178_2023,2023,ITS2
179,SUCCESSFUL,epi_a3,a3,epiphyte,38.52878,-111.74646,7.41793244265588,151.195399331342,NA,./Data/Raw/4539_179_S179_R1_001.fastq.gz,./Data/Raw/4539_179_S179_R2_ITS1.fastq.gz,PRJNA1076591,SRP489788,SRR27969903,38.52878 N 111.74646 W,2023,179_2023,2023,ITS2
18,SUCCESSFUL,end_c4,c4,endophyte,38.52653,-111.74684,81.2703392623411,66.9697332242169,NA,./Data/Raw/4539_18_S17_R1_001.fastq.gz,./Data/Raw/4539_18_S17_R2_ITS1.fastq.gz,PRJNA1076591,SRP489788,SRR27969979,38.52653 N 111.74684 W,2023,18_2023,2023,ITS2
180,FAILED,epi_j3,j3,epiphyte,38.526,-111.75226,32.8533135938851,76.3152746881771,NA,./Data/Raw/4539_180_S180_R1_001.fastq.gz,./Data/Raw/4539_180_S180_R2_ITS1.fastq.gz,PRJNA1076591,SRP489788,SRR27969978,38.526 N 111.75226 W,2023,180_2023,2023,ITS2
181,SUCCESSFUL,epi_i4,i4,epiphyte,38.52433,-111.75139,90.1200315167614,80.1715024079563,NA,./Data/Raw/4539_181_S181_R1_001.fastq.gz,./Data/Raw/4539_181_S181_R2_ITS1.fastq.gz,PRJNA1076591,SRP489788,SRR27969977,38.52433 N 111.75139 W,2023,181_2023,2023,ITS2
19,SUCCESSFUL,end_j6,j6,endophyte,38.52568,-111.75092,140.668330951895,165.476105479712,NA,./Data/Raw/4539_19_S18_R1_001.fastq.gz,./Data/Raw/4539_19_S18_R2_ITS1.fastq.gz,PRJNA1076591,SRP489788,SRR27969976,38.52568 N 111.75092 W,2023,19_2023,2023,ITS2
2,SUCCESSFUL,end_b1,b1,endophyte,38.52785,-111.74683,84.0066659502382,43.4482280796851,NA,./Data/Raw/4539_2_S2_R1_001.fastq.gz,./Data/Raw/4539_2_S2_R2_ITS1.fastq.gz,PRJNA1076591,SRP489788,SRR27969975,38.52785 N 111.74683 W,2023,2_2023,2023,ITS2
20,SUCCESSFUL,end_g5,g5,endophyte,38.52388,-111.75259,24.0819441135531,46.8128302816817,NA,./Data/Raw/4539_20_S19_R1_001.fastq.gz,./Data/Raw/4539_20_S19_R2_ITS1.fastq.gz,PRJNA1076591,SRP489788,SRR27969974,38.52388 N 111.75259 W,2023,20_2023,2023,ITS2
21,SUCCESSFUL,end_j11,j11,endophyte,38.52531,-111.74893,160.359188032524,0.707198482121741,NA,./Data/Raw/4539_21_S20_R1_001.fastq.gz,./Data/Raw/4539_21_S20_R2_ITS1.fastq.gz,PRJNA1076591,SRP489788,#N/A,38.52531 N 111.74893 W,2023,21_2023,2023,ITS2
22,SUCCESSFUL,end_f2,f2,endophyte,38.52285,-111.7495,51.9404774546058,20.2051708865723,NA,./Data/Raw/4539_22_S21_R1_001.fastq.gz,./Data/Raw/4539_22_S21_R2_ITS1.fastq.gz,PRJNA1076591,SRP489788,#N/A,38.52285 N 111.7495 W,2023,22_2023,2023,ITS2
23,SUCCESSFUL,epi_a26,a26,epiphyte,38.52251,-111.75327,44.3972890360915,71.9199067223795,NA,./Data/Raw/4539_23_S22_R1_001.fastq.gz,./Data/Raw/4539_23_S22_R2_ITS1.fastq.gz,PRJNA1076591,SRP489788,SRR27969973,38.52251 N 111.75327 W,2023,23_2023,2023,ITS2
24,SUCCESSFUL,epi_a5,a5,epiphyte,38.52876,-111.74717,52.8814159783465,139.267073060011,NA,./Data/Raw/4539_24_S23_R1_001.fastq.gz,./Data/Raw/4539_24_S23_R2_ITS1.fastq.gz,PRJNA1076591,SRP489788,SRR27969972,38.52876 N 111.74717 W,2023,24_2023,2023,ITS2
25,SUCCESSFUL,end_a5,a5,endophyte,38.52876,-111.74717,52.8814159783465,139.267073060011,NA,./Data/Raw/4539_25_S24_R1_001.fastq.gz,./Data/Raw/4539_25_S24_R2_ITS1.fastq.gz,PRJNA1076591,SRP489788,SRR27969971,38.52876 N 111.74717 W,2023,25_2023,2023,ITS2
26,SUCCESSFUL,end_a1,a1,endophyte,38.52928,-111.74569,1.34839380661979,230.707364710865,NA,./Data/Raw/4539_26_S25_R1_001.fastq.gz,./Data/Raw/4539_26_S25_R2_ITS1.fastq.gz,PRJNA1076591,SRP489788,SRR27969970,38.52928 N 111.74569 W,2023,26_2023,2023,ITS2
27,SUCCESSFUL,end_j7,j7,endophyte,38.52549,-111.75053,180.672565472652,125.524742034472,NA,./Data/Raw/4539_27_S26_R1_001.fastq.gz,./Data/Raw/4539_27_S26_R2_ITS1.fastq.gz,PRJNA1076591,SRP489788,SRR27969968,38.52549 N 111.75053 W,2023,27_2023,2023,ITS2
28,WEAK,end_f3,f3,endophyte,38.52322,-111.74998,81.2988044188747,13.7749189492098,NA,./Data/Raw/4539_28_S27_R1_001.fastq.gz,./Data/Raw/4539_28_S27_R2_ITS1.fastq.gz,PRJNA1076591,SRP489788,SRR27969967,38.52322 N 111.74998 W,2023,28_2023,2023,ITS2
29,SUCCESSFUL,end_h6,h6,endophyte,38.52331,-111.75155,59.80237358207,2.99802621542214,NA,./Data/Raw/4539_29_S28_R1_001.fastq.gz,./Data/Raw/4539_29_S28_R2_ITS1.fastq.gz,PRJNA1076591,SRP489788,SRR27969966,38.52331 N 111.75155 W,2023,29_2023,2023,ITS2
3,SUCCESSFUL,end_a4,a4,endophyte,38.52899,-111.74707,47.6793551743939,164.80219509425999,NA,./Data/Raw/4539_3_S3_R1_001.fastq.gz,./Data/Raw/4539_3_S3_R2_ITS1.fastq.gz,PRJNA1076591,SRP489788,SRR27969965,38.52899 N 111.74707 W,2023,3_2023,2023,ITS2
30,SUCCESSFUL,end_k5,k5,endophyte,38.52975,-111.74677,11.1123645959828,250.805775613919,NA,./Data/Raw/4539_30_S29_R1_001.fastq.gz,./Data/Raw/4539_30_S29_R2_ITS1.fastq.gz,PRJNA1076591,SRP489788,SRR27969964,38.52975 N 111.74677 W,2023,30_2023,2023,ITS2
31,SUCCESSFUL,end_c5,c5,endophyte,38.52682,-111.7472,109.859610109753,26.1772158116232,NA,./Data/Raw/4539_31_S30_R1_001.fastq.gz,./Data/Raw/4539_31_S30_R2_ITS1.fastq.gz,PRJNA1076591,SRP489788,SRR27969963,38.52682 N 111.7472 W,2023,31_2023,2023,ITS2
32,SUCCESSFUL,epi_a6,a6,epiphyte,38.52836,-111.74717,65.2059261963707,94.770005547821,NA,./Data/Raw/4539_32_S31_R1_001.fastq.gz,./Data/Raw/4539_32_S31_R2_ITS1.fastq.gz,PRJNA1076591,SRP489788,SRR27969962,38.52836 N 111.74717 W,2023,32_2023,2023,ITS2
33,SUCCESSFUL,end_k1,k1,endophyte,38.52937,-111.74583,4.29710625419978,233.716848380716,NA,./Data/Raw/4539_33_S32_R1_001.fastq.gz,./Data/Raw/4539_33_S32_R2_ITS1.fastq.gz,PRJNA1076591,SRP489788,SRR27969961,38.52937 N 111.74583 W,2023,33_2023,2023,ITS2
34,SUCCESSFUL,end_d4,d4,endophyte,38.52588,-111.74762,98.37864508035,36.5219612755618,NA,./Data/Raw/4539_34_S33_R1_001.fastq.gz,./Data/Raw/4539_34_S33_R2_ITS1.fastq.gz,PRJNA1076591,SRP489788,SRR27969960,38.52588 N 111.74762 W,2023,34_2023,2023,ITS2
35,SUCCESSFUL,end_a26,a26,endophyte,38.52251,-111.75327,44.3972890360915,71.9199067223795,NA,./Data/Raw/4539_35_S34_R1_001.fastq.gz,./Data/Raw/4539_35_S34_R2_ITS1.fastq.gz,PRJNA1076591,SRP489788,SRR27969959,38.52251 N 111.75327 W,2023,35_2023,2023,ITS2
36,SUCCESSFUL,end_j4,j4,endophyte,38.52594,-111.75173,67.3382444841024,111.576251514937,NA,./Data/Raw/4539_36_S35_R1_001.fastq.gz,./Data/Raw/4539_36_S35_R2_ITS1.fastq.gz,PRJNA1076591,SRP489788,SRR27970061,38.52594 N 111.75173 W,2023,36_2023,2023,ITS2
37,SUCCESSFUL,end_b4,b4,endophyte,38.52747,-111.74536,36.9718859748203,94.1812925094326,NA,./Data/Raw/4539_37_S36_R1_001.fastq.gz,./Data/Raw/4539_37_S36_R2_ITS1.fastq.gz,PRJNA1076591,SRP489788,SRR27970060,38.52747 N 111.74536 W,2023,37_2023,2023,ITS2
38,SUCCESSFUL,end_g1,g1,endophyte,38.52312,-111.75191,25.1859320936865,1.51053718217305,NA,./Data/Raw/4539_38_S37_R1_001.fastq.gz,./Data/Raw/4539_38_S37_R2_ITS1.fastq.gz,PRJNA1076591,SRP489788,SRR27970059,38.52312 N 111.75191 W,2023,38_2023,2023,ITS2
39,SUCCESSFUL,end_e4,e4,endophyte,38.52377,-111.74941,110.257524525243,54.4276971070293,NA,./Data/Raw/4539_39_S38_R1_001.fastq.gz,./Data/Raw/4539_39_S38_R2_ITS1.fastq.gz,PRJNA1076591,SRP489788,#N/A,38.52377 N 111.74941 W,2023,39_2023,2023,ITS2
4,SUCCESSFUL,end_h5,h5,endophyte,38.52337,-111.75168,50.378044275165,9.84086371478006,NA,./Data/Raw/4539_4_S4_R1_001.fastq.gz,./Data/Raw/4539_4_S4_R2_ITS1.fastq.gz,PRJNA1076591,SRP489788,SRR27970058,38.52337 N 111.75168 W,2023,4_2023,2023,ITS2
40,SUCCESSFUL,epi_a19,a19,epiphyte,38.52452,-111.75043,175.564410840518,41.7770457642432,NA,./Data/Raw/4539_40_S39_R1_001.fastq.gz,./Data/Raw/4539_40_S39_R2_ITS1.fastq.gz,PRJNA1076591,SRP489788,SRR27970057,38.52452 N 111.75043 W,2023,40_2023,2023,ITS2
41,SUCCESSFUL,end_f1,f1,endophyte,38.52244,-111.74895,17.3183171366556,28.5970758098236,NA,./Data/Raw/4539_41_S40_R1_001.fastq.gz,./Data/Raw/4539_41_S40_R2_ITS1.fastq.gz,PRJNA1076591,SRP489788,SRR27970056,38.52244 N 111.74895 W,2023,41_2023,2023,ITS2
42,SUCCESSFUL,end_a7,a7,endophyte,38.52825,-111.74721,74.7546709324778,82.7923312077789,NA,./Data/Raw/4539_42_S41_R1_001.fastq.gz,./Data/Raw/4539_42_S41_R2_ITS1.fastq.gz,PRJNA1076591,SRP489788,SRR27970055,38.52825 N 111.74721 W,2023,42_2023,2023,ITS2
43,SUCCESSFUL,end_a14,a14,endophyte,38.52655,-111.74905,125.172318318325,70.2642932871932,NA,./Data/Raw/4539_43_S42_R1_001.fastq.gz,./Data/Raw/4539_43_S42_R2_ITS1.fastq.gz,PRJNA1076591,SRP489788,SRR27970054,38.52655 N 111.74905 W,2023,43_2023,2023,ITS2
44,FAILED,end_a23,a23,endophyte,38.52351,-111.75195,32.0869718191485,36.026580118934,NA,./Data/Raw/4539_44_S43_R1_001.fastq.gz,./Data/Raw/4539_44_S43_R2_ITS1.fastq.gz,PRJNA1076591,SRP489788,SRR27970053,38.52351 N 111.75195 W,2023,44_2023,2023,ITS2
45,SUCCESSFUL,end_g2,g2,endophyte,38.5232,-111.7522,2.03793035509649,24.2439630688134,NA,./Data/Raw/4539_45_S44_R1_001.fastq.gz,./Data/Raw/4539_45_S44_R2_ITS1.fastq.gz,PRJNA1076591,SRP489788,SRR27970052,38.5232 N 111.7522 W,2023,45_2023,2023,ITS2
46,FAILED,epi_e3,e3,epiphyte,38.52375,-111.74891,66.7138146874101,65.4895254641454,NA,./Data/Raw/4539_46_S45_R1_001.fastq.gz,./Data/Raw/4539_46_S45_R2_ITS1.fastq.gz,PRJNA1076591,SRP489788,SRR27970050,38.52375 N 111.74891 W,2023,46_2023,2023,ITS2
47,SUCCESSFUL,epi_f3,f3,epiphyte,38.52322,-111.74998,81.2988044188747,13.7749189492098,NA,./Data/Raw/4539_47_S46_R1_001.fastq.gz,./Data/Raw/4539_47_S46_R2_ITS1.fastq.gz,PRJNA1076591,SRP489788,SRR27970049,38.52322 N 111.74998 W,2023,47_2023,2023,ITS2
48,SUCCESSFUL,epi_h3,h3,epiphyte,38.52377,-111.75209,15.6767686272391,66.2998112216616,NA,./Data/Raw/4539_48_S47_R1_001.fastq.gz,./Data/Raw/4539_48_S47_R2_ITS1.fastq.gz,PRJNA1076591,SRP489788,SRR27970048,38.52377 N 111.75209 W,2023,48_2023,2023,ITS2
49,SUCCESSFUL,end_a13,a13,endophyte,38.5268,-111.74903,99.8170960195759,56.5833477183092,NA,./Data/Raw/4539_49_S48_R1_001.fastq.gz,./Data/Raw/4539_49_S48_R2_ITS1.fastq.gz,PRJNA1076591,SRP489788,SRR27970047,38.5268 N 111.74903 W,2023,49_2023,2023,ITS2
5,SUCCESSFUL,end_j2,j2,endophyte,38.5261,-111.75269,12.5551613936482,37.3274655826241,NA,./Data/Raw/4539_5_S5_R1_001.fastq.gz,./Data/Raw/4539_5_S5_R2_ITS1.fastq.gz,PRJNA1076591,SRP489788,SRR27970046,38.5261 N 111.75269 W,2023,5_2023,2023,ITS2
50,SUCCESSFUL,end_g4,g4,endophyte,38.52343,-111.75285,42.0027214886805,9.34145658173151,NA,./Data/Raw/4539_50_S49_R1_001.fastq.gz,./Data/Raw/4539_50_S49_R2_ITS1.fastq.gz,PRJNA1076591,SRP489788,SRR27970045,38.52343 N 111.75285 W,2023,50_2023,2023,ITS2
51,SUCCESSFUL,end_i5,i5,endophyte,38.52454,-111.75146,95.9831811571709,102.542766096005,NA,./Data/Raw/4539_51_S50_R1_001.fastq.gz,./Data/Raw/4539_51_S50_R2_ITS1.fastq.gz,PRJNA1076591,SRP489788,SRR27970044,38.52454 N 111.75146 W,2023,51_2023,2023,ITS2
52,SUCCESSFUL,end_a3,a3,endophyte,38.52878,-111.74646,7.41793244265588,151.195399331342,NA,./Data/Raw/4539_52_S51_R1_001.fastq.gz,./Data/Raw/4539_52_S51_R2_ITS1.fastq.gz,PRJNA1076591,SRP489788,SRR27970043,38.52878 N 111.74646 W,2023,52_2023,2023,ITS2
53,SUCCESSFUL,end_c3,c3,endophyte,38.52663,-111.74642,56.1227820268381,34.5600165124976,NA,./Data/Raw/4539_53_S52_R1_001.fastq.gz,./Data/Raw/4539_53_S52_R2_ITS1.fastq.gz,PRJNA1076591,SRP489788,SRR27970042,38.52663 N 111.74642 W,2023,53_2023,2023,ITS2
54,SUCCESSFUL,epi_i3,i3,epiphyte,38.52399,-111.75126,90.3256336197081,44.1858777445491,NA,./Data/Raw/4539_54_S53_R1_001.fastq.gz,./Data/Raw/4539_54_S53_R2_ITS1.fastq.gz,PRJNA1076591,SRP489788,SRR27970041,38.52399 N 111.75126 W,2023,54_2023,2023,ITS2
55,SUCCESSFUL,epi_j6,j6,epiphyte,38.52568,-111.75092,140.668330951895,165.476105479712,NA,./Data/Raw/4539_55_S54_R1_001.fastq.gz,./Data/Raw/4539_55_S54_R2_ITS1.fastq.gz,PRJNA1076591,SRP489788,SRR27970039,38.52568 N 111.75092 W,2023,55_2023,2023,ITS2
56,SUCCESSFUL,epi_j7,j7,epiphyte,38.52549,-111.75053,180.672565472652,125.524742034472,NA,./Data/Raw/4539_56_S55_R1_001.fastq.gz,./Data/Raw/4539_56_S55_R2_ITS1.fastq.gz,PRJNA1076591,SRP489788,SRR27970038,38.52549 N 111.75053 W,2023,56_2023,2023,ITS2
57,SUCCESSFUL,end_a24,a24,endophyte,38.52323,-111.75237,10.8390770455152,34.4159219066097,NA,./Data/Raw/4539_57_S56_R1_001.fastq.gz,./Data/Raw/4539_57_S56_R2_ITS1.fastq.gz,PRJNA1076591,SRP489788,SRR27970037,38.52323 N 111.75237 W,2023,57_2023,2023,ITS2
58,SUCCESSFUL,end_i4,i4,endophyte,38.52433,-111.75139,90.1200315167614,80.1715024079563,NA,./Data/Raw/4539_58_S57_R1_001.fastq.gz,./Data/Raw/4539_58_S57_R2_ITS1.fastq.gz,PRJNA1076591,SRP489788,SRR27970008,38.52433 N 111.75139 W,2023,58_2023,2023,ITS2
59,SUCCESSFUL,end_b3,b3,endophyte,38.52745,-111.74618,50.8407830826581,46.8147222866106,NA,./Data/Raw/4539_59_S58_R1_001.fastq.gz,./Data/Raw/4539_59_S58_R2_ITS1.fastq.gz,PRJNA1076591,SRP489788,SRR27970007,38.52745 N 111.74618 W,2023,59_2023,2023,ITS2
6,SUCCESSFUL,end_a25,a25,endophyte,38.52282,-111.75266,28.5623467562198,8.60972621837471,NA,./Data/Raw/4539_6_S6_R1_001.fastq.gz,./Data/Raw/4539_6_S6_R2_ITS1.fastq.gz,PRJNA1076591,SRP489788,SRR27970006,38.52282 N 111.75266 W,2023,6_2023,2023,ITS2
60,SUCCESSFUL,end_a21,a21,endophyte,38.5241,-111.75113,103.303171826823,46.4270191245313,NA,./Data/Raw/4539_60_S59_R1_001.fastq.gz,./Data/Raw/4539_60_S59_R2_ITS1.fastq.gz,PRJNA1076591,SRP489788,SRR27970005,38.5241 N 111.75113 W,2023,60_2023,2023,ITS2
61,WEAK,epi_a24,a24,epiphyte,38.52323,-111.75237,10.8390770455152,34.4159219066097,NA,./Data/Raw/4539_61_S60_R1_001.fastq.gz,./Data/Raw/4539_61_S60_R2_ITS1.fastq.gz,PRJNA1076591,SRP489788,SRR27970004,38.52323 N 111.75237 W,2023,61_2023,2023,ITS2
62,SUCCESSFUL,end_k2,k2,endophyte,38.52954,-111.74617,6.80631899890538,239.345057895359,NA,./Data/Raw/4539_62_S61_R1_001.fastq.gz,./Data/Raw/4539_62_S61_R2_ITS1.fastq.gz,PRJNA1076591,SRP489788,SRR27970003,38.52954 N 111.74617 W,2023,62_2023,2023,ITS2
63,SUCCESSFUL,epi_h2,h2,epiphyte,38.52394,-111.75238,5.01761110558503,66.2314032351496,NA,./Data/Raw/4539_63_S62_R1_001.fastq.gz,./Data/Raw/4539_63_S62_R2_ITS1.fastq.gz,PRJNA1076591,SRP489788,SRR27970002,38.52394 N 111.75238 W,2023,63_2023,2023,ITS2
64,SUCCESSFUL,epi_a29,a29,epiphyte,38.52161,-111.75378,97.0660429475422,171.270414777895,NA,./Data/Raw/4539_64_S63_R1_001.fastq.gz,./Data/Raw/4539_64_S63_R2_ITS1.fastq.gz,PRJNA1076591,SRP489788,SRR27970000,38.52161 N 111.75378 W,2023,64_2023,2023,ITS2
65,SUCCESSFUL,end_e2,e2,endophyte,38.52361,-111.74862,43.1730398618489,35.8394757677165,NA,./Data/Raw/4539_65_S64_R1_001.fastq.gz,./Data/Raw/4539_65_S64_R2_ITS1.fastq.gz,PRJNA1076591,SRP489788,SRR27969999,38.52361 N 111.74862 W,2023,65_2023,2023,ITS2
67,SUCCESSFUL,epi_a17,a17,epiphyte,38.5255,-111.74918,188.498044241749,28.2696800217646,NA,./Data/Raw/4539_67_S66_R1_001.fastq.gz,./Data/Raw/4539_67_S66_R2_ITS1.fastq.gz,PRJNA1076591,SRP489788,SRR27969998,38.5255 N 111.74918 W,2023,67_2023,2023,ITS2
68,SUCCESSFUL,epi_j10,j10,epiphyte,38.52538,-111.74939,192.998321947743,33.7561327261879,NA,./Data/Raw/4539_68_S67_R1_001.fastq.gz,./Data/Raw/4539_68_S67_R2_ITS1.fastq.gz,PRJNA1076591,SRP489788,SRR27969997,38.52538 N 111.74939 W,2023,68_2023,2023,ITS2
69,SUCCESSFUL,epi_j2,j2,epiphyte,38.5261,-111.75269,12.5551613936482,37.3274655826241,NA,./Data/Raw/4539_69_S68_R1_001.fastq.gz,./Data/Raw/4539_69_S68_R2_ITS1.fastq.gz,PRJNA1076591,SRP489788,SRR27969996,38.5261 N 111.75269 W,2023,69_2023,2023,ITS2
7,SUCCESSFUL,epi_j8,j8,epiphyte,38.52533,-111.7501,221.855199071618,84.9684719835822,NA,./Data/Raw/4539_7_S7_R1_001.fastq.gz,./Data/Raw/4539_7_S7_R2_ITS1.fastq.gz,PRJNA1076591,SRP489788,#N/A,38.52533 N 111.7501 W,2023,7_2023,2023,ITS2
70,WEAK,epi_h5,h5,epiphyte,38.52337,-111.75168,50.378044275165,9.84086371478006,NA,./Data/Raw/4539_70_S69_R1_001.fastq.gz,./Data/Raw/4539_70_S69_R2_ITS1.fastq.gz,PRJNA1076591,SRP489788,SRR27969995,38.52337 N 111.75168 W,2023,70_2023,2023,ITS2
71,SUCCESSFUL,epi_a23,a23,epiphyte,38.52351,-111.75195,32.0869718191485,36.026580118934,NA,./Data/Raw/4539_71_S70_R1_001.fastq.gz,./Data/Raw/4539_71_S70_R2_ITS1.fastq.gz,PRJNA1076591,SRP489788,SRR27969994,38.52351 N 111.75195 W,2023,71_2023,2023,ITS2
72,SUCCESSFUL,epi_a11,a11,epiphyte,38.52724,-111.74861,88.125119050915,7.6959377720891204,NA,./Data/Raw/4539_72_S71_R1_001.fastq.gz,./Data/Raw/4539_72_S71_R2_ITS1.fastq.gz,PRJNA1076591,SRP489788,SRR27969993,38.52724 N 111.74861 W,2023,72_2023,2023,ITS2
73,SUCCESSFUL,end_g7,g7,endophyte,38.52478,-111.75275,17.1583133723335,11.0628683798366,NA,./Data/Raw/4539_73_S72_R1_001.fastq.gz,./Data/Raw/4539_73_S72_R2_ITS1.fastq.gz,PRJNA1076591,SRP489788,SRR27969992,38.52478 N 111.75275 W,2023,73_2023,2023,ITS2
74,WEAK,epi_blank_1,NA,epiphyte,NA,NA,NA,NA,NA,./Data/Raw/4539_74_S73_R1_001.fastq.gz,./Data/Raw/4539_74_S73_R2_ITS1.fastq.gz,PRJNA1076591,SRP489788,SRR27969991,NA,2023,74_2023,2023,ITS2
75,SUCCESSFUL,end_h3,h3,endophyte,38.52377,-111.75209,15.6767686272391,66.2998112216616,NA,./Data/Raw/4539_75_S74_R1_001.fastq.gz,./Data/Raw/4539_75_S74_R2_ITS1.fastq.gz,PRJNA1076591,SRP489788,SRR27969989,38.52377 N 111.75209 W,2023,75_2023,2023,ITS2
76,SUCCESSFUL,epi_j4,j4,epiphyte,38.52594,-111.75173,67.3382444841024,111.576251514937,NA,./Data/Raw/4539_76_S75_R1_001.fastq.gz,./Data/Raw/4539_76_S75_R2_ITS1.fastq.gz,PRJNA1076591,SRP489788,SRR27969988,38.52594 N 111.75173 W,2023,76_2023,2023,ITS2
77,SUCCESSFUL,epi_a25,a25,epiphyte,38.52282,-111.75266,28.5623467562198,8.60972621837471,NA,./Data/Raw/4539_77_S76_R1_001.fastq.gz,./Data/Raw/4539_77_S76_R2_ITS1.fastq.gz,PRJNA1076591,SRP489788,SRR27969987,38.52282 N 111.75266 W,2023,77_2023,2023,ITS2
78,SUCCESSFUL,epi_g4,g4,epiphyte,38.52343,-111.75285,42.0027214886805,9.34145658173151,NA,./Data/Raw/4539_78_S77_R1_001.fastq.gz,./Data/Raw/4539_78_S77_R2_ITS1.fastq.gz,PRJNA1076591,SRP489788,SRR27969986,38.52343 N 111.75285 W,2023,78_2023,2023,ITS2
79,SUCCESSFUL,epi_d2,d2,epiphyte,38.52595,-111.7478,115.285717655604,19.9451269036638,NA,./Data/Raw/4539_79_S78_R1_001.fastq.gz,./Data/Raw/4539_79_S78_R2_ITS1.fastq.gz,PRJNA1076591,SRP489788,SRR27969985,38.52595 N 111.7478 W,2023,79_2023,2023,ITS2
8,SUCCESSFUL,epi_a7,a7,epiphyte,38.52825,-111.74721,74.7546709324778,82.7923312077789,NA,./Data/Raw/4539_8_S8_R1_001.fastq.gz,./Data/Raw/4539_8_S8_R2_ITS1.fastq.gz,PRJNA1076591,SRP489788,SRR27969984,38.52825 N 111.74721 W,2023,8_2023,2023,ITS2
80,SUCCESSFUL,epi_g1,g1,epiphyte,38.52312,-111.75191,25.1859320936865,1.51053718217305,NA,./Data/Raw/4539_80_S79_R1_001.fastq.gz,./Data/Raw/4539_80_S79_R2_ITS1.fastq.gz,PRJNA1076591,SRP489788,SRR27969983,38.52312 N 111.75191 W,2023,80_2023,2023,ITS2
81,SUCCESSFUL,end_i1,i1,endophyte,38.52363,-111.75106,105.649859428247,2.3263001257693,NA,./Data/Raw/4539_81_S80_R1_001.fastq.gz,./Data/Raw/4539_81_S80_R2_ITS1.fastq.gz,PRJNA1076591,SRP489788,SRR27969982,38.52363 N 111.75106 W,2023,81_2023,2023,ITS2
82,SUCCESSFUL,epi_g5,g5,epiphyte,38.52388,-111.75259,24.0819441135531,46.8128302816817,NA,./Data/Raw/4539_82_S81_R1_001.fastq.gz,./Data/Raw/4539_82_S81_R2_ITS1.fastq.gz,PRJNA1076591,SRP489788,SRR27969981,38.52388 N 111.75259 W,2023,82_2023,2023,ITS2
83,SUCCESSFUL,epi_k5,k5,epiphyte,38.52975,-111.74677,11.1123645959828,250.805775613919,NA,./Data/Raw/4539_83_S82_R1_001.fastq.gz,./Data/Raw/4539_83_S82_R2_ITS1.fastq.gz,PRJNA1076591,SRP489788,#N/A,38.52975 N 111.74677 W,2023,83_2023,2023,ITS2
84,SUCCESSFUL,epi_a4,a4,epiphyte,38.52899,-111.74707,47.6793551743939,164.80219509425999,NA,./Data/Raw/4539_84_S83_R1_001.fastq.gz,./Data/Raw/4539_84_S83_R2_ITS1.fastq.gz,PRJNA1076591,SRP489788,SRR27969958,38.52899 N 111.74707 W,2023,84_2023,2023,ITS2
85,SUCCESSFUL,epi_i5,i5,epiphyte,38.52454,-111.75146,95.9831811571709,102.542766096005,NA,./Data/Raw/4539_85_S84_R1_001.fastq.gz,./Data/Raw/4539_85_S84_R2_ITS1.fastq.gz,PRJNA1076591,SRP489788,SRR27969956,38.52454 N 111.75146 W,2023,85_2023,2023,ITS2
86,SUCCESSFUL,epi_a18,a18,epiphyte,38.5249,-111.7497,182.02986695824,29.2288137776338,NA,./Data/Raw/4539_86_S85_R1_001.fastq.gz,./Data/Raw/4539_86_S85_R2_ITS1.fastq.gz,PRJNA1076591,SRP489788,SRR27969955,38.5249 N 111.7497 W,2023,86_2023,2023,ITS2
87,FAILED,epi_e2,e2,epiphyte,38.52361,-111.74862,43.1730398618489,35.8394757677165,NA,./Data/Raw/4539_87_S86_R1_001.fastq.gz,./Data/Raw/4539_87_S86_R2_ITS1.fastq.gz,PRJNA1076591,SRP489788,SRR27969954,38.52361 N 111.74862 W,2023,87_2023,2023,ITS2
88,SUCCESSFUL,epi_a8,a8,epiphyte,38.52819,-111.74794,98.7336176196354,104.043319682313,NA,./Data/Raw/4539_88_S87_R1_001.fastq.gz,./Data/Raw/4539_88_S87_R2_ITS1.fastq.gz,PRJNA1076591,SRP489788,SRR27969953,38.52819 N 111.74794 W,2023,88_2023,2023,ITS2
89,SUCCESSFUL,end_i2,i2,endophyte,38.52378,-111.75122,91.450756370534,22.7592830458714,NA,./Data/Raw/4539_89_S88_R1_001.fastq.gz,./Data/Raw/4539_89_S88_R2_ITS1.fastq.gz,PRJNA1076591,SRP489788,SRR27969952,38.52378 N 111.75122 W,2023,89_2023,2023,ITS2
9,SUCCESSFUL,end_d1,d1,endophyte,38.52608,-111.74794,133.886382625201,6.12499082836142,NA,./Data/Raw/4539_9_S9_R1_001.fastq.gz,./Data/Raw/4539_9_S9_R2_ITS1.fastq.gz,PRJNA1076591,SRP489788,SRR27969951,38.52608 N 111.74794 W,2023,9_2023,2023,ITS2
90,SUCCESSFUL,epi_c3,c3,epiphyte,38.52663,-111.74642,56.1227820268381,34.5600165124976,NA,./Data/Raw/4539_90_S89_R1_001.fastq.gz,./Data/Raw/4539_90_S89_R2_ITS1.fastq.gz,PRJNA1076591,SRP489788,SRR27969950,38.52663 N 111.74642 W,2023,90_2023,2023,ITS2
91,SUCCESSFUL,epi_i1,i1,epiphyte,38.52363,-111.75106,105.649859428247,2.3263001257693,NA,./Data/Raw/4539_91_S90_R1_001.fastq.gz,./Data/Raw/4539_91_S90_R2_ITS1.fastq.gz,PRJNA1076591,SRP489788,SRR27969949,38.52363 N 111.75106 W,2023,91_2023,2023,ITS2
92,SUCCESSFUL,epi_j11,j11,epiphyte,38.52531,-111.74893,160.359188032524,0.707198482121741,NA,./Data/Raw/4539_92_S91_R1_001.fastq.gz,./Data/Raw/4539_92_S91_R2_ITS1.fastq.gz,PRJNA1076591,SRP489788,SRR27969948,38.52531 N 111.74893 W,2023,92_2023,2023,ITS2
93,SUCCESSFUL,epi_k3,k3,epiphyte,38.5296,-111.74644,3.84792613768378,239.166820910635,NA,./Data/Raw/4539_93_S92_R1_001.fastq.gz,./Data/Raw/4539_93_S92_R2_ITS1.fastq.gz,PRJNA1076591,SRP489788,SRR27969947,38.5296 N 111.74644 W,2023,93_2023,2023,ITS2
94,WEAK,epi_i2,i2,epiphyte,38.52378,-111.75122,91.450756370534,22.7592830458714,NA,./Data/Raw/4539_94_S93_R1_001.fastq.gz,./Data/Raw/4539_94_S93_R2_ITS1.fastq.gz,PRJNA1076591,SRP489788,#N/A,38.52378 N 111.75122 W,2023,94_2023,2023,ITS2
95,SUCCESSFUL,epi_a2,a2,epiphyte,38.52917,-111.7458,16.7734107541774,215.310747709285,NA,./Data/Raw/4539_95_S94_R1_001.fastq.gz,./Data/Raw/4539_95_S94_R2_ITS1.fastq.gz,PRJNA1076591,SRP489788,#N/A,38.52917 N 111.7458 W,2023,95_2023,2023,ITS2
96,WEAK,epi_d5,d5,epiphyte,38.52576,-111.7471,53.2461121994414,55.2070139714529,NA,./Data/Raw/4539_96_S95_R1_001.fastq.gz,./Data/Raw/4539_96_S95_R2_ITS1.fastq.gz,PRJNA1076591,SRP489788,#N/A,38.52576 N 111.7471 W,2023,96_2023,2023,ITS2
97,SUCCESSFUL,epi_a9,a9,epiphyte,38.52786,-111.74822,102.260772338581,67.948789396404507,NA,./Data/Raw/4539_97_S97_R1_001.fastq.gz,./Data/Raw/4539_97_S97_R2_ITS1.fastq.gz,PRJNA1076591,SRP489788,SRR27969945,38.52786 N 111.74822 W,2023,97_2023,2023,ITS2
98,SUCCESSFUL,epi_g2,g2,epiphyte,38.5232,-111.7522,2.03793035509649,24.2439630688134,NA,./Data/Raw/4539_98_S98_R1_001.fastq.gz,./Data/Raw/4539_98_S98_R2_ITS1.fastq.gz,PRJNA1076591,SRP489788,#N/A,38.5232 N 111.7522 W,2023,98_2023,2023,ITS2
99,SUCCESSFUL,epi_f1,f1,epiphyte,38.52244,-111.74895,17.3183171366556,28.5970758098236,NA,./Data/Raw/4539_99_S99_R1_001.fastq.gz,./Data/Raw/4539_99_S99_R2_ITS1.fastq.gz,PRJNA1076591,SRP489788,SRR27969944,38.52244 N 111.74895 W,2023,99_2023,2023,ITS2
1,NA,end_o5,o5,endophyte,38.524952999999996,-111.752819,21.858718,3.176496,NA,./Data/Raw/6083_001_S1_R1_001.fastq.gz,./Data/Raw/6083_001_S1_R2_001.fastq.gz,PRJNA1076591,SRP489788,SRR32913742,38.524953 N 111.752819 W,2024,1_2024,2024,ITS2
2,NA,end_n8,n8,endophyte,38.524743,-111.747209,3.834717,1.747794,NA,./Data/Raw/6083_002_S2_R1_001.fastq.gz,./Data/Raw/6083_002_S2_R2_001.fastq.gz,PRJNA1076591,SRP489788,SRR32913741,38.524743 N 111.747209 W,2024,2_2024,2024,ITS2
3,NA,end_o4,o4,endophyte,38.524531,-111.752877,8.642551,8.642551,NA,./Data/Raw/6083_003_S3_R1_001.fastq.gz,./Data/Raw/6083_003_S3_R2_001.fastq.gz,PRJNA1076591,SRP489788,SRR32913658,38.524531 N 111.752877 W,2024,3_2024,2024,ITS2
4,NA,end_o1,o1,endophyte,38.527539,-111.747144,120.859694,3.84372,NA,./Data/Raw/6083_004_R1_fullseq.fastq.gz,./Data/Raw/6083_004_R2_fullseq.fastq.gz,PRJNA1076591,SRP489788,SRR32913647,38.527539 N 111.747144 W,2024,4_2024,2024,ITS2
5,NA,end_o14,o14,endophyte,38.527561,-111.74897,44.41645,25.984511,NA,./Data/Raw/6083_005_S5_R1_001.fastq.gz,./Data/Raw/6083_005_S5_R2_001.fastq.gz,PRJNA1076591,SRP489788,SRR32913684,38.527561 N 111.74897 W,2024,5_2024,2024,ITS2
6,NA,end_o10,o10,endophyte,38.527102,-111.75136,63.917662,7.725897,NA,./Data/Raw/6083_006_S6_R1_001.fastq.gz,./Data/Raw/6083_006_S6_R2_001.fastq.gz,PRJNA1076591,SRP489788,SRR32913673,38.527102 N 111.75136 W,2024,6_2024,2024,ITS2
7,NA,end_o11,o11,endophyte,38.527245,-111.750711,48.901319,17.013804,NA,./Data/Raw/6083_007_S7_R1_001.fastq.gz,./Data/Raw/6083_007_S7_R2_001.fastq.gz,PRJNA1076591,SRP489788,SRR32913638,38.527245 N 111.750711 W,2024,7_2024,2024,ITS2
8,NA,end_n3,n3,endophyte,38.523111,-111.74975,70.542647,10.23028,NA,./Data/Raw/6083_008_S8_R1_001.fastq.gz,./Data/Raw/6083_008_S8_R2_001.fastq.gz,PRJNA1076591,SRP489788,SRR32913627,38.523111 N 111.74975 W,2024,8_2024,2024,ITS2
9,NA,end_n5,n5,endophyte,38.522303,-111.748762,10.406107,44.26954,NA,./Data/Raw/6083_009_S9_R1_001.fastq.gz,./Data/Raw/6083_009_S9_R2_001.fastq.gz,PRJNA1076591,SRP489788,SRR32913616,38.522303 N 111.748762 W,2024,9_2024,2024,ITS2
10,NA,end_n10,n10,endophyte,38.526542,-111.745711,5.144478,0.992454,NA,./Data/Raw/6083_010_S10_R1_001.fastq.gz,./Data/Raw/6083_010_S10_R2_001.fastq.gz,PRJNA1076591,SRP489788,SRR32913605,38.526542 N 111.745711 W,2024,10_2024,2024,ITS2
11,NA,end_n6,n6,endophyte,38.523052,-111.748279,3.317849,21.757003,NA,./Data/Raw/6083_011_S11_R1_001.fastq.gz,./Data/Raw/6083_011_S11_R2_001.fastq.gz,PRJNA1076591,SRP489788,SRR32913740,38.523052 N 111.748279 W,2024,11_2024,2024,ITS2
12,NA,end_n4,n4,endophyte,38.52236,-111.748986,24.156851,37.956883,NA,./Data/Raw/6083_012_S12_R1_001.fastq.gz,./Data/Raw/6083_012_S12_R2_001.fastq.gz,PRJNA1076591,SRP489788,SRR32913729,38.52236 N 111.748986 W,2024,12_2024,2024,ITS2
13,NA,end_o13,o13,endophyte,38.52736,-111.749453,29.017205,11.702178,NA,./Data/Raw/6083_013_S13_R1_001.fastq.gz,./Data/Raw/6083_013_S13_R2_001.fastq.gz,PRJNA1076591,SRP489788,SRR32913718,38.52736 N 111.749453 W,2024,13_2024,2024,ITS2
14,NA,end_o3,o3,endophyte,38.524238,-111.752827,2.497717,24.331704,NA,./Data/Raw/6083_014_S14_R1_001.fastq.gz,./Data/Raw/6083_014_S14_R2_001.fastq.gz,PRJNA1076591,SRP489788,SRR32913780,38.524238 N 111.752827 W,2024,14_2024,2024,ITS2
15,NA,end_blank22,blank22,endophyte,NA,NA,NA,NA,NA,./Data/Raw/6083_015_S15_R1_001.fastq.gz,./Data/Raw/6083_015_S15_R2_001.fastq.gz,PRJNA1076591,SRP489788,SRR32913769,NA,2024,15_2024,2024,ITS2
16,NA,end_n7,n7,endophyte,38.523832,-111.747901,13.425923,2.903516,NA,./Data/Raw/6083_016_S16_R1_001.fastq.gz,./Data/Raw/6083_016_S16_R2_001.fastq.gz,PRJNA1076591,SRP489788,SRR32913709,38.523832 N 111.747901 W,2024,16_2024,2024,ITS2
17,NA,end_n1,n1,endophyte,38.522014,-111.751184,98.527005,133.277632,NA,./Data/Raw/6083_017_S17_R1_001.fastq.gz,./Data/Raw/6083_017_S17_R2_001.fastq.gz,PRJNA1076591,SRP489788,SRR32913698,38.522014 N 111.751184 W,2024,17_2024,2024,ITS2
18,NA,end_o7,o7,endophyte,38.526272,-111.752805,7.317243,21.080434,NA,./Data/Raw/6083_018_S18_R1_001.fastq.gz,./Data/Raw/6083_018_S18_R2_001.fastq.gz,PRJNA1076591,SRP489788,SRR32913760,38.526272 N 111.752805 W,2024,18_2024,2024,ITS2
19,NA,end_n9,n9,endophyte,38.526014,-111.746149,1.924886,0.934886,NA,./Data/Raw/6083_019_S19_R1_001.fastq.gz,./Data/Raw/6083_019_S19_R2_001.fastq.gz,PRJNA1076591,SRP489788,SRR32913749,38.526014 N 111.746149 W,2024,19_2024,2024,ITS2
20,NA,end_o9,o9,endophyte,38.526708,-111.752279,4.478889,16.597182,NA,./Data/Raw/6083_020_S20_R1_001.fastq.gz,./Data/Raw/6083_020_S20_R2_001.fastq.gz,PRJNA1076591,SRP489788,SRR32913665,38.526708 N 111.752279 W,2024,20_2024,2024,ITS2
21,NA,end_n2,n2,endophyte,38.523322,-111.750593,108.736151,35.506543,NA,./Data/Raw/6083_021_S21_R1_001.fastq.gz,./Data/Raw/6083_021_S21_R2_001.fastq.gz,PRJNA1076591,SRP489788,SRR32913657,38.523322 N 111.750593 W,2024,21_2024,2024,ITS2
22,NA,end_o8,o8,endophyte,38.526523,-111.752649,28.776455,14.835407,NA,./Data/Raw/6083_022_S22_R1_001.fastq.gz,./Data/Raw/6083_022_S22_R2_001.fastq.gz,PRJNA1076591,SRP489788,SRR32913656,38.526523 N 111.752649 W,2024,22_2024,2024,ITS2
23,NA,end_o6,o6,endophyte,38.525791,-111.752884,14.480804,27.05292,NA,./Data/Raw/6083_023_S23_R1_001.fastq.gz,./Data/Raw/6083_023_S23_R2_001.fastq.gz,PRJNA1076591,SRP489788,SRR32913655,38.525791 N 111.752884 W,2024,23_2024,2024,ITS2
24,NA,end_o2,o2,endophyte,38.523847,-111.752631,28.935745,42.48992,NA,./Data/Raw/6083_024_S24_R1_001.fastq.gz,./Data/Raw/6083_024_S24_R2_001.fastq.gz,PRJNA1076591,SRP489788,SRR32913654,38.523847 N 111.752631 W,2024,24_2024,2024,ITS2
25,NA,end_o12,o12,endophyte,38.527508,-111.750085,11.739525,13.787176,NA,./Data/Raw/6083_025_S25_R1_001.fastq.gz,./Data/Raw/6083_025_S25_R2_001.fastq.gz,PRJNA1076591,SRP489788,SRR32913653,38.527508 N 111.750085 W,2024,25_2024,2024,ITS2
26,NA,end_l37,l37,endophyte,38.523454,-111.752123,15.787215,41.109476,NA,./Data/Raw/6083_026_S26_R1_001.fastq.gz,./Data/Raw/6083_026_S26_R2_001.fastq.gz,PRJNA1076591,SRP489788,SRR32913652,38.523454 N 111.752123 W,2024,26_2024,2024,ITS2
27,NA,end_m27,m27,endophyte,38.522761,-111.749779,32.333182,41.849439,NA,./Data/Raw/6083_027_R1_fullseq.fastq.gz,./Data/Raw/6083_027_R2_fullseq.fastq.gz,PRJNA1076591,SRP489788,SRR32913651,38.522761 N 111.749779 W,2024,27_2024,2024,ITS2
28,NA,end_m30,m30,endophyte,38.522315,-111.75049,48.169807,118.783021,NA,./Data/Raw/6083_028_S28_R1_001.fastq.gz,./Data/Raw/6083_028_S28_R2_001.fastq.gz,PRJNA1076591,SRP489788,SRR32913650,38.522315 N 111.75049 W,2024,28_2024,2024,ITS2
29,NA,end_m28,m28,endophyte,38.522444,-111.750308,32.325195,97.632744,NA,./Data/Raw/6083_029_S29_R1_001.fastq.gz,./Data/Raw/6083_029_S29_R2_001.fastq.gz,PRJNA1076591,SRP489788,SRR32913649,38.522444 N 111.750308 W,2024,29_2024,2024,ITS2
30,NA,end_m9,m9,endophyte,38.526996,-111.746262,26.802097,3.957185,NA,./Data/Raw/6083_030_S30_R1_001.fastq.gz,./Data/Raw/6083_030_S30_R2_001.fastq.gz,PRJNA1076591,SRP489788,SRR32913648,38.526996 N 111.746262 W,2024,30_2024,2024,ITS2
31,NA,end_l32,l32,endophyte,38.524589,-111.750914,139.93942,74.252132,NA,./Data/Raw/6083_031_S31_R1_001.fastq.gz,./Data/Raw/6083_031_S31_R2_001.fastq.gz,PRJNA1076591,SRP489788,SRR32913646,38.524589 N 111.750914 W,2024,31_2024,2024,ITS2
32,NA,end_l41,l41,endophyte,38.522586,-111.7536,74.357089,91.848661,NA,./Data/Raw/6083_032_S32_R1_001.fastq.gz,./Data/Raw/6083_032_S32_R2_001.fastq.gz,PRJNA1076591,SRP489788,SRR32913693,38.522586 N 111.7536 W,2024,32_2024,2024,ITS2
33,NA,end_m26,m26,endophyte,38.522866,-111.74943,56.29132,15.775328,NA,./Data/Raw/6083_033_R1_fullseq.fastq.gz,./Data/Raw/6083_033_R2_fullseq.fastq.gz,PRJNA1076591,SRP489788,SRR32913692,38.522866 N 111.74943 W,2024,33_2024,2024,ITS2
34,NA,end_l16,l16,endophyte,38.527434,-111.748366,98.822545,19.709422,NA,./Data/Raw/6083_034_S34_R1_001.fastq.gz,./Data/Raw/6083_034_S34_R2_001.fastq.gz,PRJNA1076591,SRP489788,SRR32913691,38.527434 N 111.748366 W,2024,34_2024,2024,ITS2
35,NA,end_m24,m24,endophyte,38.523224,-111.748895,48.925918,32.213121,NA,./Data/Raw/6083_035_S35_R1_001.fastq.gz,./Data/Raw/6083_035_S35_R2_001.fastq.gz,PRJNA1076591,SRP489788,SRR32913690,38.523224 N 111.748895 W,2024,35_2024,2024,ITS2
36,NA,end_m12,m12,endophyte,38.526688,-111.747029,98.984583,46.490491,NA,./Data/Raw/6083_036_S36_R1_001.fastq.gz,./Data/Raw/6083_036_S36_R2_001.fastq.gz,PRJNA1076591,SRP489788,SRR32913689,38.526688 N 111.747029 W,2024,36_2024,2024,ITS2
37,NA,end_l35,l35,endophyte,38.523875,-111.751544,63.942698,48.513251,NA,./Data/Raw/6083_037_S37_R1_001.fastq.gz,./Data/Raw/6083_037_S37_R2_001.fastq.gz,PRJNA1076591,SRP489788,SRR32913688,38.523875 N 111.751544 W,2024,37_2024,2024,ITS2
38,NA,end_l20,l20,endophyte,38.52703,-111.748741,92.975657,32.575842,NA,./Data/Raw/6083_038_S38_R1_001.fastq.gz,./Data/Raw/6083_038_S38_R2_001.fastq.gz,PRJNA1076591,SRP489788,SRR32913687,38.52703 N 111.748741 W,2024,38_2024,2024,ITS2
39,NA,end_l30,l30,endophyte,38.524928,-111.750334,202.168457,70.731864,NA,./Data/Raw/6083_039_S39_R1_001.fastq.gz,./Data/Raw/6083_039_S39_R2_001.fastq.gz,PRJNA1076591,SRP489788,SRR32913686,38.524928 N 111.750334 W,2024,39_2024,2024,ITS2
40,NA,end_l18,l18,endophyte,38.52728,-111.748597,87.106464,3.103926,NA,./Data/Raw/6083_040_S40_R1_001.fastq.gz,./Data/Raw/6083_040_S40_R2_001.fastq.gz,PRJNA1076591,SRP489788,SRR32913685,38.52728 N 111.748597 W,2024,40_2024,2024,ITS2
41,NA,end_m18,m18,endophyte,38.52516,-111.747839,66.77977,57.471963,NA,./Data/Raw/6083_041_S41_R1_001.fastq.gz,./Data/Raw/6083_041_S41_R2_001.fastq.gz,PRJNA1076591,SRP489788,SRR32913683,38.52516 N 111.747839 W,2024,41_2024,2024,ITS2
42,NA,end_m20,m20,endophyte,38.524585,-111.74781,45.51761,35.105721,NA,./Data/Raw/6083_042_S42_R1_001.fastq.gz,./Data/Raw/6083_042_S42_R2_001.fastq.gz,PRJNA1076591,SRP489788,SRR32913682,38.524585 N 111.74781 W,2024,42_2024,2024,ITS2
43,NA,end_l26,l26,endophyte,38.525943,-111.749342,186.979641,65.61741,NA,./Data/Raw/6083_043_S43_R1_001.fastq.gz,./Data/Raw/6083_043_S43_R2_001.fastq.gz,PRJNA1076591,SRP489788,SRR32913681,38.525943 N 111.749342 W,2024,43_2024,2024,ITS2
44,NA,end_l3,l3,endophyte,38.530229,-111.745783,75.995933,322.928938,NA,./Data/Raw/6083_044_R1_fullseq.fastq.gz,./Data/Raw/6083_044_R2_fullseq.fastq.gz,PRJNA1076591,SRP489788,SRR32913680,38.530229 N 111.745783 W,2024,44_2024,2024,ITS2
45,NA,end_l2,l2,endophyte,38.530322,-111.74551,96.557482,341.422335,NA,./Data/Raw/6083_045_R1_fullseq.fastq.gz,./Data/Raw/6083_045_R2_fullseq.fastq.gz,PRJNA1076591,SRP489788,SRR32913679,38.530322 N 111.74551 W,2024,45_2024,2024,ITS2
46,NA,end_m25,m25,endophyte,38.523157,-111.749218,67.466828,19.762543,NA,./Data/Raw/6083_046_S46_R1_001.fastq.gz,./Data/Raw/6083_046_S46_R2_001.fastq.gz,PRJNA1076591,SRP489788,SRR32913678,38.523157 N 111.749218 W,2024,46_2024,2024,ITS2
47,NA,end_l14,l14,endophyte,38.527725,-111.747989,125.426444,65.607795,NA,./Data/Raw/6083_047_S47_R1_001.fastq.gz,./Data/Raw/6083_047_S47_R2_001.fastq.gz,PRJNA1076591,SRP489788,SRR32913677,38.527725 N 111.747989 W,2024,47_2024,2024,ITS2
48,NA,end_l23,l23,endophyte,38.526635,-111.749049,116.250605,74.440691,NA,./Data/Raw/6083_048_S48_R1_001.fastq.gz,./Data/Raw/6083_048_S48_R2_001.fastq.gz,PRJNA1076591,SRP489788,SRR32913676,38.526635 N 111.749049 W,2024,48_2024,2024,ITS2
49,NA,end_m16,m16,endophyte,38.525789,-111.747693,96.630673,34.301948,NA,./Data/Raw/6083_049_S49_R1_001.fastq.gz,./Data/Raw/6083_049_S49_R2_001.fastq.gz,PRJNA1076591,SRP489788,SRR32913675,38.525789 N 111.747693 W,2024,49_2024,2024,ITS2
50,NA,end_m7,m7,endophyte,38.527649,-111.7455,54.259826,101.144518,NA,./Data/Raw/6083_050_S50_R1_001.fastq.gz,./Data/Raw/6083_050_S50_R2_001.fastq.gz,PRJNA1076591,SRP489788,SRR32913674,38.527649 N 111.7455 W,2024,50_2024,2024,ITS2
51,NA,end_m29,m29,endophyte,38.522291,-111.750466,46.072521,119.528003,NA,./Data/Raw/6083_051_S51_R1_001.fastq.gz,./Data/Raw/6083_051_S51_R2_001.fastq.gz,PRJNA1076591,SRP489788,SRR32913672,38.522291 N 111.750466 W,2024,51_2024,2024,ITS2
52,NA,end_l9,l9,endophyte,38.528766,-111.747173,53.12804,139.942888,NA,./Data/Raw/6083_052_R1_fullseq.fastq.gz,./Data/Raw/6083_052_R2_fullseq.fastq.gz,PRJNA1076591,SRP489788,SRR32913671,38.528766 N 111.747173 W,2024,52_2024,2024,ITS2
53,NA,end_m10,m10,endophyte,38.527464,-111.747075,111.479417,3.684699,NA,./Data/Raw/6083_053_S53_R1_001.fastq.gz,./Data/Raw/6083_053_S53_R2_001.fastq.gz,PRJNA1076591,SRP489788,SRR32913670,38.527464 N 111.747075 W,2024,53_2024,2024,ITS2
54,NA,end_m11,m11,endophyte,38.527039,-111.746947,86.647467,31.865124,NA,./Data/Raw/6083_054_S54_R1_001.fastq.gz,./Data/Raw/6083_054_S54_R2_001.fastq.gz,PRJNA1076591,SRP489788,SRR32913645,38.527039 N 111.746947 W,2024,54_2024,2024,ITS2
55,NA,end_l21,l21,endophyte,38.526872,-111.748888,98.644814,48.445973,NA,./Data/Raw/6083_055_S55_R1_001.fastq.gz,./Data/Raw/6083_055_S55_R2_001.fastq.gz,PRJNA1076591,SRP489788,SRR32913644,38.526872 N 111.748888 W,2024,55_2024,2024,ITS2
56,NA,end_m22,m22,endophyte,38.523887,-111.748406,25.169958,36.584742,NA,./Data/Raw/6083_056_S56_R1_001.fastq.gz,./Data/Raw/6083_056_S56_R2_001.fastq.gz,PRJNA1076591,SRP489788,SRR32913643,38.523887 N 111.748406 W,2024,56_2024,2024,ITS2
57,NA,end_blank21,blank21,endophyte,NA,NA,NA,NA,NA,./Data/Raw/6083_057_S57_R1_001.fastq.gz,./Data/Raw/6083_057_S57_R2_001.fastq.gz,PRJNA1076591,SRP489788,SRR32913642,NA,2024,57_2024,2024,ITS2
58,NA,end_l10,l10,endophyte,38.528612,-111.747378,73.212428,124.750463,NA,./Data/Raw/6083_058_S58_R1_001.fastq.gz,./Data/Raw/6083_058_S58_R2_001.fastq.gz,PRJNA1076591,SRP489788,SRR32913641,38.528612 N 111.747378 W,2024,58_2024,2024,ITS2
59,NA,end_m31,m31,endophyte,38.522148,-111.750764,72.235474,145.103769,NA,./Data/Raw/6083_059_S59_R1_001.fastq.gz,./Data/Raw/6083_059_S59_R2_001.fastq.gz,PRJNA1076591,SRP489788,SRR32913640,38.522148 N 111.750764 W,2024,59_2024,2024,ITS2
60,NA,end_m5,m5,endophyte,38.528178,-111.744857,5.254478,182.351191,NA,./Data/Raw/6083_060_R1_fullseq.fastq.gz,./Data/Raw/6083_060_R2_fullseq.fastq.gz,PRJNA1076591,SRP489788,SRR32913639,38.528178 N 111.744857 W,2024,60_2024,2024,ITS2
61,NA,end_l36,l36,endophyte,38.523638,-111.751832,38.722125,40.217262,NA,./Data/Raw/6083_061_S61_R1_001.fastq.gz,./Data/Raw/6083_061_S61_R2_001.fastq.gz,PRJNA1076591,SRP489788,SRR32913637,38.523638 N 111.751832 W,2024,61_2024,2024,ITS2
62,NA,end_m23,m23,endophyte,38.523447,-111.748455,31.180885,13.837332,NA,./Data/Raw/6083_062_S62_R1_001.fastq.gz,./Data/Raw/6083_062_S62_R2_001.fastq.gz,PRJNA1076591,SRP489788,SRR32913636,38.523447 N 111.748455 W,2024,62_2024,2024,ITS2
63,NA,end_l27,l27,endophyte,38.525679,-111.749477,215.875919,60.314044,NA,./Data/Raw/6083_063_S63_R1_001.fastq.gz,./Data/Raw/6083_063_S63_R2_001.fastq.gz,PRJNA1076591,SRP489788,SRR32913635,38.525679 N 111.749477 W,2024,63_2024,2024,ITS2
64,NA,end_m3,m3,endophyte,38.528725,-111.744434,31.203764,252.605941,NA,./Data/Raw/6083_064_S64_R1_001.fastq.gz,./Data/Raw/6083_064_S64_R2_001.fastq.gz,PRJNA1076591,SRP489788,SRR32913634,38.528725 N 111.744434 W,2024,64_2024,2024,ITS2
65,NA,end_l33,l33,endophyte,38.524306,-111.75105,116.571643,58.748946,NA,./Data/Raw/6083_065_S65_R1_001.fastq.gz,./Data/Raw/6083_065_S65_R2_001.fastq.gz,PRJNA1076591,SRP489788,SRR32913633,38.524306 N 111.75105 W,2024,65_2024,2024,ITS2
66,NA,end_m17,m17,endophyte,38.525489,-111.747777,80.662872,41.874077,NA,./Data/Raw/6083_066_S66_R1_001.fastq.gz,./Data/Raw/6083_066_S66_R2_001.fastq.gz,PRJNA1076591,SRP489788,SRR32913632,38.525489 N 111.747777 W,2024,66_2024,2024,ITS2
67,NA,end_m8,m8,endophyte,38.527109,-111.745883,5.73407,34.863333,NA,./Data/Raw/6083_067_S67_R1_001.fastq.gz,./Data/Raw/6083_067_S67_R2_001.fastq.gz,PRJNA1076591,SRP489788,SRR32913631,38.527109 N 111.745883 W,2024,67_2024,2024,ITS2
68,NA,end_l19,l19,endophyte,38.527172,-111.748565,95.303912,10.585716,NA,./Data/Raw/6083_068_S68_R1_001.fastq.gz,./Data/Raw/6083_068_S68_R2_001.fastq.gz,PRJNA1076591,SRP489788,SRR32913630,38.527172 N 111.748565 W,2024,68_2024,2024,ITS2
69,NA,end_m1,m1,endophyte,38.529367,-111.743745,112.807886,345.909453,NA,./Data/Raw/6083_069_R1_fullseq.fastq.gz,./Data/Raw/6083_069_R2_fullseq.fastq.gz,PRJNA1076591,SRP489788,SRR32913629,38.529367 N 111.743745 W,2024,69_2024,2024,ITS2
70,NA,end_l7,l7,endophyte,38.529245,-111.746801,43.368543,194.645662,NA,./Data/Raw/6083_070_S70_R1_001.fastq.gz,./Data/Raw/6083_070_S70_R2_001.fastq.gz,PRJNA1076591,SRP489788,SRR32913628,38.529245 N 111.746801 W,2024,70_2024,2024,ITS2
71,NA,end_l4,l4,endophyte,38.530044,-111.745907,52.755021,299.878329,NA,./Data/Raw/6083_071_S71_R1_001.fastq.gz,./Data/Raw/6083_071_S71_R2_001.fastq.gz,PRJNA1076591,SRP489788,SRR32913626,38.530044 N 111.745907 W,2024,71_2024,2024,ITS2
72,NA,end_m21,m21,endophyte,38.524271,-111.748253,38.696205,48.906275,NA,./Data/Raw/6083_072_S72_R1_001.fastq.gz,./Data/Raw/6083_072_S72_R2_001.fastq.gz,PRJNA1076591,SRP489788,SRR32913625,38.524271 N 111.748253 W,2024,72_2024,2024,ITS2
73,NA,end_l31,l31,endophyte,38.524798,-111.750601,174.818723,73.960311,NA,./Data/Raw/6083_073_S73_R1_001.fastq.gz,./Data/Raw/6083_073_S73_R2_001.fastq.gz,PRJNA1076591,SRP489788,SRR32913624,38.524798 N 111.750601 W,2024,73_2024,2024,ITS2
74,NA,end_l17,l17,endophyte,38.527367,-111.748577,84.326693,5.57022,NA,./Data/Raw/6083_074_S74_R1_001.fastq.gz,./Data/Raw/6083_074_S74_R2_001.fastq.gz,PRJNA1076591,SRP489788,SRR32913623,38.527367 N 111.748577 W,2024,74_2024,2024,ITS2
75,NA,end_l12,l12,endophyte,38.52809,-111.747635,115.396121,78.607176,NA,./Data/Raw/6083_075_R1_fullseq.fastq.gz,./Data/Raw/6083_075_R2_fullseq.fastq.gz,PRJNA1076591,SRP489788,SRR32913622,38.52809 N 111.747635 W,2024,75_2024,2024,ITS2
76,NA,end_m15,m15,endophyte,38.526038,-111.747528,101.306855,39.384295,NA,./Data/Raw/6083_076_S76_R1_001.fastq.gz,./Data/Raw/6083_076_S76_R2_001.fastq.gz,PRJNA1076591,SRP489788,SRR32913621,38.526038 N 111.747528 W,2024,76_2024,2024,ITS2
77,NA,end_l22,l22,endophyte,38.526745,-111.749034,105.298966,62.715491,NA,./Data/Raw/6083_077_S77_R1_001.fastq.gz,./Data/Raw/6083_077_S77_R2_001.fastq.gz,PRJNA1076591,SRP489788,SRR32913620,38.526745 N 111.749034 W,2024,77_2024,2024,ITS2
78,NA,end_l6,l6,endophyte,38.529651,-111.746443,1.909992,244.635456,NA,./Data/Raw/6083_078_S78_R1_001.fastq.gz,./Data/Raw/6083_078_S78_R2_001.fastq.gz,PRJNA1076591,SRP489788,SRR32913619,38.529651 N 111.746443 W,2024,78_2024,2024,ITS2
79,NA,end_l8,l8,endophyte,38.529012,-111.74705,47.081946,167.263914,NA,./Data/Raw/6083_079_S79_R1_001.fastq.gz,./Data/Raw/6083_079_S79_R2_001.fastq.gz,PRJNA1076591,SRP489788,SRR32913618,38.529012 N 111.74705 W,2024,79_2024,2024,ITS2
80,NA,end_l38,l38,endophyte,38.523257,-111.752541,24.061823,23.284508,NA,./Data/Raw/6083_080_S80_R1_001.fastq.gz,./Data/Raw/6083_080_S80_R2_001.fastq.gz,PRJNA1076591,SRP489788,SRR32913617,38.523257 N 111.752541 W,2024,80_2024,2024,ITS2
81,NA,end_l28,l28,endophyte,38.525361,-111.749752,215.182579,61.419562,NA,./Data/Raw/6083_081_S81_R1_001.fastq.gz,./Data/Raw/6083_081_S81_R2_001.fastq.gz,PRJNA1076591,SRP489788,SRR32913615,38.525361 N 111.749752 W,2024,81_2024,2024,ITS2
82,NA,end_l25,l25,endophyte,38.526229,-111.749269,155.933497,74.377409,NA,./Data/Raw/6083_082_S82_R1_001.fastq.gz,./Data/Raw/6083_082_S82_R2_001.fastq.gz,PRJNA1076591,SRP489788,SRR32913614,38.526229 N 111.749269 W,2024,82_2024,2024,ITS2
83,NA,end_m2,m2,endophyte,38.528922,-111.74425,52.479309,279.736679,NA,./Data/Raw/6083_083_R1_fullseq.fastq.gz,./Data/Raw/6083_083_R2_fullseq.fastq.gz,PRJNA1076591,SRP489788,SRR32913613,38.528922 N 111.74425 W,2024,83_2024,2024,ITS2
84,NA,end_m14,m14,endophyte,38.526294,-111.747257,90.710615,46.952346,NA,./Data/Raw/6083_084_S84_R1_001.fastq.gz,./Data/Raw/6083_084_S84_R2_001.fastq.gz,PRJNA1076591,SRP489788,SRR32913612,38.526294 N 111.747257 W,2024,84_2024,2024,ITS2
85,NA,end_l34,l34,endophyte,38.524174,-111.751448,78.935867,70.081629,NA,./Data/Raw/6083_085_S85_R1_001.fastq.gz,./Data/Raw/6083_085_S85_R2_001.fastq.gz,PRJNA1076591,SRP489788,SRR32913611,38.524174 N 111.751448 W,2024,85_2024,2024,ITS2
86,NA,end_l11,l11,endophyte,38.528376,-111.747506,91.274612,102.116082,NA,./Data/Raw/6083_086_S86_R1_001.fastq.gz,./Data/Raw/6083_086_S86_R2_001.fastq.gz,PRJNA1076591,SRP489788,SRR32913610,38.528376 N 111.747506 W,2024,86_2024,2024,ITS2
87,NA,end_l29,l29,endophyte,38.525127,-111.750063,222.48506,69.562123,NA,./Data/Raw/6083_087_S87_R1_001.fastq.gz,./Data/Raw/6083_087_S87_R2_001.fastq.gz,PRJNA1076591,SRP489788,SRR32913609,38.525127 N 111.750063 W,2024,87_2024,2024,ITS2
88,NA,end_l13,l13,endophyte,38.527932,-111.74777,125.964908,73.526302,NA,./Data/Raw/6083_088_S88_R1_001.fastq.gz,./Data/Raw/6083_088_S88_R2_001.fastq.gz,PRJNA1076591,SRP489788,SRR32913608,38.527932 N 111.74777 W,2024,88_2024,2024,ITS2
89,NA,end_l24,l24,endophyte,38.526494,-111.749062,130.800835,69.031382,NA,./Data/Raw/6083_089_S89_R1_001.fastq.gz,./Data/Raw/6083_089_S89_R2_001.fastq.gz,PRJNA1076591,SRP489788,SRR32913607,38.526494 N 111.749062 W,2024,89_2024,2024,ITS2
90,NA,end_l1,l1,endophyte,38.530608,-111.745056,144.531833,387.105691,NA,./Data/Raw/6083_090_R1_fullseq.fastq.gz,./Data/Raw/6083_090_R2_fullseq.fastq.gz,PRJNA1076591,SRP489788,SRR32913606,38.530608 N 111.745056 W,2024,90_2024,2024,ITS2
91,NA,end_l39,l39,endophyte,38.522893,-111.752675,35.241088,8.523096,NA,./Data/Raw/6083_091_R1_fullseq.fastq.gz,./Data/Raw/6083_091_R2_fullseq.fastq.gz,PRJNA1076591,SRP489788,SRR32913604,38.522893 N 111.752675 W,2024,91_2024,2024,ITS2
92,NA,end_m13,m13,endophyte,38.526438,-111.747076,88.612042,54.792539,NA,./Data/Raw/6083_092_S92_R1_001.fastq.gz,./Data/Raw/6083_092_S92_R2_001.fastq.gz,PRJNA1076591,SRP489788,SRR32913603,38.526438 N 111.747076 W,2024,92_2024,2024,ITS2
93,NA,end_l40,l40,endophyte,38.522775,-111.753148,52.297897,47.273282,NA,./Data/Raw/6083_093_S93_R1_001.fastq.gz,./Data/Raw/6083_093_S93_R2_001.fastq.gz,PRJNA1076591,SRP489788,SRR32913602,38.522775 N 111.753148 W,2024,93_2024,2024,ITS2
94,NA,end_m19,m19,endophyte,38.524882,-111.747428,21.438748,25.849718,NA,./Data/Raw/6083_094_S94_R1_001.fastq.gz,./Data/Raw/6083_094_S94_R2_001.fastq.gz,PRJNA1076591,SRP489788,SRR32913601,38.524882 N 111.747428 W,2024,94_2024,2024,ITS2
95,NA,end_l15,l15,endophyte,38.527542,-111.748205,108.994863,37.881213,NA,./Data/Raw/6083_095_S193_R1_001.fastq.gz,./Data/Raw/6083_095_S193_R2_001.fastq.gz,PRJNA1076591,SRP489788,SRR32913600,38.527542 N 111.748205 W,2024,95_2024,2024,ITS2
96,NA,end_m6,m6,endophyte,38.527877,-111.745033,29.822381,147.278129,NA,./Data/Raw/6083_096_S194_R1_001.fastq.gz,./Data/Raw/6083_096_S194_R2_001.fastq.gz,PRJNA1076591,SRP489788,SRR32913599,38.527877 N 111.745033 W,2024,96_2024,2024,ITS2
97,NA,end_l5,l5,endophyte,38.529803,-111.746079,22.160609,269.608145,NA,./Data/Raw/6083_097_R1_fullseq.fastq.gz,./Data/Raw/6083_097_R2_fullseq.fastq.gz,PRJNA1076591,SRP489788,SRR32913598,38.529803 N 111.746079 W,2024,97_2024,2024,ITS2
98,NA,epi_o5,o5,epiphyte,38.524952999999996,-111.752819,21.858718,3.176496,NA,./Data/Raw/6083_098_R1_fullseq.fastq.gz,./Data/Raw/6083_098_R2_fullseq.fastq.gz,PRJNA1076591,SRP489788,SRR32913597,38.524953 N 111.752819 W,2024,98_2024,2024,ITS2
99,NA,end_m4,m4,endophyte,38.528395,-111.74464,33.598244,212.958407,NA,./Data/Raw/6083_099_S99_R1_001.fastq.gz,./Data/Raw/6083_099_S99_R2_001.fastq.gz,PRJNA1076591,SRP489788,SRR32913596,38.528395 N 111.74464 W,2024,99_2024,2024,ITS2
100,NA,epi_o9,o9,epiphyte,38.526708,-111.752279,4.478889,16.597182,NA,./Data/Raw/6083_100_S100_R1_001.fastq.gz,./Data/Raw/6083_100_S100_R2_001.fastq.gz,PRJNA1076591,SRP489788,SRR32913595,38.526708 N 111.752279 W,2024,100_2024,2024,ITS2
101,NA,epi_o14,o14,epiphyte,38.527561,-111.74897,44.41645,25.984511,NA,./Data/Raw/6083_101_R1_fullseq.fastq.gz,./Data/Raw/6083_101_R2_fullseq.fastq.gz,PRJNA1076591,SRP489788,SRR32913739,38.527561 N 111.74897 W,2024,101_2024,2024,ITS2
102,NA,epi_o12,o12,epiphyte,38.527508,-111.750085,11.739525,13.787176,NA,./Data/Raw/6083_102_S102_R1_001.fastq.gz,./Data/Raw/6083_102_S102_R2_001.fastq.gz,PRJNA1076591,SRP489788,SRR32913738,38.527508 N 111.750085 W,2024,102_2024,2024,ITS2
103,NA,epi_o13,o13,epiphyte,38.52736,-111.749453,29.017205,11.702178,NA,./Data/Raw/6083_103_R1_fullseq.fastq.gz,./Data/Raw/6083_103_R2_fullseq.fastq.gz,PRJNA1076591,SRP489788,SRR32913737,38.52736 N 111.749453 W,2024,103_2024,2024,ITS2
104,NA,epi_m12,m12,epiphyte,38.526688,-111.747029,98.984583,46.490491,NA,./Data/Raw/6083_104_R1_fullseq.fastq.gz,./Data/Raw/6083_104_R2_fullseq.fastq.gz,PRJNA1076591,SRP489788,SRR32913736,38.526688 N 111.747029 W,2024,104_2024,2024,ITS2
105,NA,epi_n8,n8,epiphyte,38.524743,-111.747209,3.834717,1.747794,NA,./Data/Raw/6083_105_S105_R1_001.fastq.gz,./Data/Raw/6083_105_S105_R2_001.fastq.gz,PRJNA1076591,SRP489788,SRR32913735,38.524743 N 111.747209 W,2024,105_2024,2024,ITS2
106,NA,epi_o7,o7,epiphyte,38.526272,-111.752805,7.317243,21.080434,NA,./Data/Raw/6083_106_R1_fullseq.fastq.gz,./Data/Raw/6083_106_R2_fullseq.fastq.gz,PRJNA1076591,SRP489788,SRR32913734,38.526272 N 111.752805 W,2024,106_2024,2024,ITS2
107,NA,epi_n4,n4,epiphyte,38.52236,-111.748986,24.156851,37.956883,NA,./Data/Raw/6083_107_R1_fullseq.fastq.gz,./Data/Raw/6083_107_R2_fullseq.fastq.gz,PRJNA1076591,SRP489788,SRR32913733,38.52236 N 111.748986 W,2024,107_2024,2024,ITS2
108,NA,epi_n3,n3,epiphyte,38.523111,-111.74975,70.542647,10.23028,NA,./Data/Raw/6083_108_R1_fullseq.fastq.gz,./Data/Raw/6083_108_R2_fullseq.fastq.gz,PRJNA1076591,SRP489788,SRR32913732,38.523111 N 111.74975 W,2024,108_2024,2024,ITS2
109,NA,epi_m26,m26,epiphyte,38.522866,-111.74943,56.29132,15.775328,NA,./Data/Raw/6083_109_R1_fullseq.fastq.gz,./Data/Raw/6083_109_R2_fullseq.fastq.gz,PRJNA1076591,SRP489788,SRR32913731,38.522866 N 111.74943 W,2024,109_2024,2024,ITS2
110,NA,epi_n2,n2,epiphyte,38.523322,-111.750593,108.736151,35.506543,NA,./Data/Raw/6083_110_R1_fullseq.fastq.gz,./Data/Raw/6083_110_R2_fullseq.fastq.gz,PRJNA1076591,SRP489788,SRR32913730,38.523322 N 111.750593 W,2024,110_2024,2024,ITS2
111,NA,epi_l18,l18,epiphyte,38.52728,-111.748597,87.106464,3.103926,NA,./Data/Raw/6083_111_R1_fullseq.fastq.gz,./Data/Raw/6083_111_R2_fullseq.fastq.gz,PRJNA1076591,SRP489788,SRR32913728,38.52728 N 111.748597 W,2024,111_2024,2024,ITS2
112,NA,epi_l24,l24,epiphyte,38.526494,-111.749062,130.800835,69.031382,NA,./Data/Raw/6083_112_R1_fullseq.fastq.gz,./Data/Raw/6083_112_R2_fullseq.fastq.gz,PRJNA1076591,SRP489788,SRR32913727,38.526494 N 111.749062 W,2024,112_2024,2024,ITS2
113,NA,epi_l22,l22,epiphyte,38.526745,-111.749034,105.298966,62.715491,NA,./Data/Raw/6083_113_R1_fullseq.fastq.gz,./Data/Raw/6083_113_R2_fullseq.fastq.gz,PRJNA1076591,SRP489788,SRR32913726,38.526745 N 111.749034 W,2024,113_2024,2024,ITS2
114,NA,epi_o6,o6,epiphyte,38.525791,-111.752884,14.480804,27.05292,NA,./Data/Raw/6083_114_R1_fullseq.fastq.gz,./Data/Raw/6083_114_R2_fullseq.fastq.gz,PRJNA1076591,SRP489788,SRR32913725,38.525791 N 111.752884 W,2024,114_2024,2024,ITS2
115,NA,epi_l16,l16,epiphyte,38.527434,-111.748366,98.822545,19.709422,NA,./Data/Raw/6083_115_R1_fullseq.fastq.gz,./Data/Raw/6083_115_R2_fullseq.fastq.gz,PRJNA1076591,SRP489788,SRR32913724,38.527434 N 111.748366 W,2024,115_2024,2024,ITS2
116,NA,epi_l8,l8,epiphyte,38.529012,-111.74705,47.081946,167.263914,NA,./Data/Raw/6083_116_R1_fullseq.fastq.gz,./Data/Raw/6083_116_R2_fullseq.fastq.gz,PRJNA1076591,SRP489788,SRR32913723,38.529012 N 111.74705 W,2024,116_2024,2024,ITS2
117,NA,epi_blank21,blank21,epiphyte,NA,NA,NA,NA,NA,./Data/Raw/6083_117_S117_R1_001.fastq.gz,./Data/Raw/6083_117_S117_R2_001.fastq.gz,PRJNA1076591,SRP489788,SRR32913722,NA,2024,117_2024,2024,ITS2
118,NA,epi_m10,m10,epiphyte,38.527464,-111.747075,111.479417,3.684699,NA,./Data/Raw/6083_118_R1_fullseq.fastq.gz,./Data/Raw/6083_118_R2_fullseq.fastq.gz,PRJNA1076591,SRP489788,SRR32913721,38.527464 N 111.747075 W,2024,118_2024,2024,ITS2
119,NA,epi_l6,l6,epiphyte,38.529651,-111.746443,1.909992,244.635456,NA,./Data/Raw/6083_119_S119_R1_001.fastq.gz,./Data/Raw/6083_119_S119_R2_001.fastq.gz,PRJNA1076591,SRP489788,SRR32913720,38.529651 N 111.746443 W,2024,119_2024,2024,ITS2
120,NA,epi_l2,l2,epiphyte,38.530322,-111.74551,96.557482,341.422335,NA,./Data/Raw/6083_120_S120_R1_001.fastq.gz,./Data/Raw/6083_120_S120_R2_001.fastq.gz,PRJNA1076591,SRP489788,SRR32913719,38.530322 N 111.74551 W,2024,120_2024,2024,ITS2
121,NA,epi_m18,m18,epiphyte,38.52516,-111.747839,66.77977,57.471963,NA,./Data/Raw/6083_121_R1_fullseq.fastq.gz,./Data/Raw/6083_121_R2_fullseq.fastq.gz,PRJNA1076591,SRP489788,SRR32913790,38.52516 N 111.747839 W,2024,121_2024,2024,ITS2
122,NA,epi_m20,m20,epiphyte,38.524585,-111.74781,45.51761,35.105721,NA,./Data/Raw/6083_122_S122_R1_001.fastq.gz,./Data/Raw/6083_122_S122_R2_001.fastq.gz,PRJNA1076591,SRP489788,SRR32913789,38.524585 N 111.74781 W,2024,122_2024,2024,ITS2
123,NA,epi_l20,l20,epiphyte,38.52703,-111.748741,92.975657,32.575842,NA,./Data/Raw/6083_123_R1_fullseq.fastq.gz,./Data/Raw/6083_123_R2_fullseq.fastq.gz,PRJNA1076591,SRP489788,SRR32913788,38.52703 N 111.748741 W,2024,123_2024,2024,ITS2
124,NA,epi_m8,m8,epiphyte,38.527109,-111.745883,5.73407,34.863333,NA,./Data/Raw/6083_124_R1_fullseq.fastq.gz,./Data/Raw/6083_124_R2_fullseq.fastq.gz,PRJNA1076591,SRP489788,SRR32913787,38.527109 N 111.745883 W,2024,124_2024,2024,ITS2
125,NA,epi_l4,l4,epiphyte,38.530044,-111.745907,52.755021,299.878329,NA,./Data/Raw/6083_125_S125_R1_001.fastq.gz,./Data/Raw/6083_125_S125_R2_001.fastq.gz,PRJNA1076591,SRP489788,SRR32913786,38.530044 N 111.745907 W,2024,125_2024,2024,ITS2
126,NA,epi_l10,l10,epiphyte,38.528612,-111.747378,73.212428,124.750463,NA,./Data/Raw/6083_126_R1_fullseq.fastq.gz,./Data/Raw/6083_126_R2_fullseq.fastq.gz,PRJNA1076591,SRP489788,SRR32913785,38.528612 N 111.747378 W,2024,126_2024,2024,ITS2
127,NA,epi_m6,m6,epiphyte,38.527877,-111.745033,29.822381,147.278129,NA,./Data/Raw/6083_127_R1_fullseq.fastq.gz,./Data/Raw/6083_127_R2_fullseq.fastq.gz,PRJNA1076591,SRP489788,SRR32913784,38.527877 N 111.745033 W,2024,127_2024,2024,ITS2
128,NA,epi_m28,m28,epiphyte,38.522444,-111.750308,32.325195,97.632744,NA,./Data/Raw/6083_128_R1_fullseq.fastq.gz,./Data/Raw/6083_128_R2_fullseq.fastq.gz,PRJNA1076591,SRP489788,SRR32913783,38.522444 N 111.750308 W,2024,128_2024,2024,ITS2
129,NA,epi_o2,o2,epiphyte,38.523847,-111.752631,28.935745,42.48992,NA,./Data/Raw/6083_129_R1_fullseq.fastq.gz,./Data/Raw/6083_129_R2_fullseq.fastq.gz,PRJNA1076591,SRP489788,SRR32913782,38.523847 N 111.752631 W,2024,129_2024,2024,ITS2
130,NA,epi_l14,l14,epiphyte,38.527725,-111.747989,125.426444,65.607795,NA,./Data/Raw/6083_130_R1_fullseq.fastq.gz,./Data/Raw/6083_130_R2_fullseq.fastq.gz,PRJNA1076591,SRP489788,SRR32913781,38.527725 N 111.747989 W,2024,130_2024,2024,ITS2
131,NA,epi_m14,m14,epiphyte,38.526294,-111.747257,90.710615,46.952346,NA,./Data/Raw/6083_131_R1_fullseq.fastq.gz,./Data/Raw/6083_131_R2_fullseq.fastq.gz,PRJNA1076591,SRP489788,SRR32913779,38.526294 N 111.747257 W,2024,131_2024,2024,ITS2
132,NA,epi_m2,m2,epiphyte,38.528922,-111.74425,52.479309,279.736679,NA,./Data/Raw/6083_132_R1_fullseq.fastq.gz,./Data/Raw/6083_132_R2_fullseq.fastq.gz,PRJNA1076591,SRP489788,SRR32913778,38.528922 N 111.74425 W,2024,132_2024,2024,ITS2
133,NA,epi_m4,m4,epiphyte,38.528395,-111.74464,33.598244,212.958407,NA,./Data/Raw/6083_133_S133_R1_001.fastq.gz,./Data/Raw/6083_133_S133_R2_001.fastq.gz,PRJNA1076591,SRP489788,SRR32913777,38.528395 N 111.74464 W,2024,133_2024,2024,ITS2
134,NA,epi_m16,m16,epiphyte,38.525789,-111.747693,96.630673,34.301948,NA,./Data/Raw/6083_134_S134_R1_001.fastq.gz,./Data/Raw/6083_134_S134_R2_001.fastq.gz,PRJNA1076591,SRP489788,SRR32913776,38.525789 N 111.747693 W,2024,134_2024,2024,ITS2
135,NA,epi_l12,l12,epiphyte,38.52809,-111.747635,115.396121,78.607176,NA,./Data/Raw/6083_135_R1_fullseq.fastq.gz,./Data/Raw/6083_135_R2_fullseq.fastq.gz,PRJNA1076591,SRP489788,SRR32913775,38.52809 N 111.747635 W,2024,135_2024,2024,ITS2
136,NA,epi_o4,o4,epiphyte,38.524531,-111.752877,8.642551,8.642551,NA,./Data/Raw/6083_136_R1_fullseq.fastq.gz,./Data/Raw/6083_136_R2_fullseq.fastq.gz,PRJNA1076591,SRP489788,SRR32913774,38.524531 N 111.752877 W,2024,136_2024,2024,ITS2
137,NA,epi_o1,o1,epiphyte,38.527539,-111.747144,120.859694,3.84372,NA,./Data/Raw/6083_137_S137_R1_001.fastq.gz,./Data/Raw/6083_137_S137_R2_001.fastq.gz,PRJNA1076591,SRP489788,SRR32913773,38.527539 N 111.747144 W,2024,137_2024,2024,ITS2
138,NA,epi_o10,o10,epiphyte,38.527102,-111.75136,63.917662,7.725897,NA,./Data/Raw/6083_138_S138_R1_001.fastq.gz,./Data/Raw/6083_138_S138_R2_001.fastq.gz,PRJNA1076591,SRP489788,SRR32913772,38.527102 N 111.75136 W,2024,138_2024,2024,ITS2
139,NA,epi_n5,n5,epiphyte,38.522303,-111.748762,10.406107,44.26954,NA,./Data/Raw/6083_139_R1_fullseq.fastq.gz,./Data/Raw/6083_139_R2_fullseq.fastq.gz,PRJNA1076591,SRP489788,SRR32913771,38.522303 N 111.748762 W,2024,139_2024,2024,ITS2
140,NA,epi_o8,o8,epiphyte,38.526523,-111.752649,28.776455,14.835407,NA,./Data/Raw/6083_140_R1_fullseq.fastq.gz,./Data/Raw/6083_140_R2_fullseq.fastq.gz,PRJNA1076591,SRP489788,SRR32913770,38.526523 N 111.752649 W,2024,140_2024,2024,ITS2
141,NA,epi_n6,n6,epiphyte,38.523052,-111.748279,3.317849,21.757003,NA,./Data/Raw/6083_141_R1_fullseq.fastq.gz,./Data/Raw/6083_141_R2_fullseq.fastq.gz,PRJNA1076591,SRP489788,SRR32913768,38.523052 N 111.748279 W,2024,141_2024,2024,ITS2
142,NA,epi_n7,n7,epiphyte,38.523832,-111.747901,13.425923,2.903516,NA,./Data/Raw/6083_142_S142_R1_001.fastq.gz,./Data/Raw/6083_142_S142_R2_001.fastq.gz,PRJNA1076591,SRP489788,SRR32913767,38.523832 N 111.747901 W,2024,142_2024,2024,ITS2
143,NA,epi_n1,n1,epiphyte,38.522014,-111.751184,98.527005,133.277632,NA,./Data/Raw/6083_143_R1_fullseq.fastq.gz,./Data/Raw/6083_143_R2_fullseq.fastq.gz,PRJNA1076591,SRP489788,SRR32913717,38.522014 N 111.751184 W,2024,143_2024,2024,ITS2
144,NA,epi_n9,n9,epiphyte,38.526014,-111.746149,1.924886,0.934886,NA,./Data/Raw/6083_144_S144_R1_001.fastq.gz,./Data/Raw/6083_144_S144_R2_001.fastq.gz,PRJNA1076591,SRP489788,SRR32913716,38.526014 N 111.746149 W,2024,144_2024,2024,ITS2
145,NA,epi_n10,n10,epiphyte,38.526542,-111.745711,5.144478,0.992454,NA,./Data/Raw/6083_145_S145_R1_001.fastq.gz,./Data/Raw/6083_145_S145_R2_001.fastq.gz,PRJNA1076591,SRP489788,SRR32913715,38.526542 N 111.745711 W,2024,145_2024,2024,ITS2
146,NA,epi_o3,o3,epiphyte,38.524238,-111.752827,2.497717,24.331704,NA,./Data/Raw/6083_146_R1_fullseq.fastq.gz,./Data/Raw/6083_146_R2_fullseq.fastq.gz,PRJNA1076591,SRP489788,SRR32913714,38.524238 N 111.752827 W,2024,146_2024,2024,ITS2
147,NA,epi_o11,o11,epiphyte,38.527245,-111.750711,48.901319,17.013804,NA,./Data/Raw/6083_147_S147_R1_001.fastq.gz,./Data/Raw/6083_147_S147_R2_001.fastq.gz,PRJNA1076591,SRP489788,SRR32913713,38.527245 N 111.750711 W,2024,147_2024,2024,ITS2
148,NA,epi_m25,m25,epiphyte,38.523157,-111.749218,67.466828,19.762543,NA,./Data/Raw/6083_148_S148_R1_001.fastq.gz,./Data/Raw/6083_148_S148_R2_001.fastq.gz,PRJNA1076591,SRP489788,SRR32913712,38.523157 N 111.749218 W,2024,148_2024,2024,ITS2
149,NA,epi_l28,l28,epiphyte,38.525361,-111.749752,215.182579,61.419562,NA,./Data/Raw/6083_149_R1_fullseq.fastq.gz,./Data/Raw/6083_149_R2_fullseq.fastq.gz,PRJNA1076591,SRP489788,SRR32913711,38.525361 N 111.749752 W,2024,149_2024,2024,ITS2
150,NA,epi_l27,l27,epiphyte,38.525679,-111.749477,215.875919,60.314044,NA,./Data/Raw/6083_150_R1_fullseq.fastq.gz,./Data/Raw/6083_150_R2_fullseq.fastq.gz,PRJNA1076591,SRP489788,SRR32913710,38.525679 N 111.749477 W,2024,150_2024,2024,ITS2
151,NA,epi_blank22,blank22,epiphyte,NA,NA,NA,NA,NA,./Data/Raw/6083_151_S151_R1_001.fastq.gz,./Data/Raw/6083_151_S151_R2_001.fastq.gz,PRJNA1076591,SRP489788,SRR32913708,NA,2024,151_2024,2024,ITS2
152,NA,epi_l31,l31,epiphyte,38.524798,-111.750601,174.818723,73.960311,NA,./Data/Raw/6083_152_R1_fullseq.fastq.gz,./Data/Raw/6083_152_R2_fullseq.fastq.gz,PRJNA1076591,SRP489788,SRR32913707,38.524798 N 111.750601 W,2024,152_2024,2024,ITS2
153,NA,epi_l41,l41,epiphyte,38.522586,-111.7536,74.357089,91.848661,NA,./Data/Raw/6083_153_R1_fullseq.fastq.gz,./Data/Raw/6083_153_R2_fullseq.fastq.gz,PRJNA1076591,SRP489788,SRR32913706,38.522586 N 111.7536 W,2024,153_2024,2024,ITS2
154,NA,epi_l1,l1,epiphyte,38.530608,-111.745056,144.531833,387.105691,NA,./Data/Raw/6083_154_S154_R1_001.fastq.gz,./Data/Raw/6083_154_S154_R2_001.fastq.gz,PRJNA1076591,SRP489788,SRR32913705,38.530608 N 111.745056 W,2024,154_2024,2024,ITS2
155,NA,epi_l19,l19,epiphyte,38.527172,-111.748565,95.303912,10.585716,NA,./Data/Raw/6083_155_R1_fullseq.fastq.gz,./Data/Raw/6083_155_R2_fullseq.fastq.gz,PRJNA1076591,SRP489788,SRR32913704,38.527172 N 111.748565 W,2024,155_2024,2024,ITS2
156,NA,epi_l9,l9,epiphyte,38.528766,-111.747173,53.12804,139.942888,NA,./Data/Raw/6083_156_R1_fullseq.fastq.gz,./Data/Raw/6083_156_R2_fullseq.fastq.gz,PRJNA1076591,SRP489788,SRR32913703,38.528766 N 111.747173 W,2024,156_2024,2024,ITS2
157,NA,epi_l13,l13,epiphyte,38.527932,-111.74777,125.964908,73.526302,NA,./Data/Raw/6083_157_S157_R1_001.fastq.gz,./Data/Raw/6083_157_S157_R2_001.fastq.gz,PRJNA1076591,SRP489788,SRR32913702,38.527932 N 111.74777 W,2024,157_2024,2024,ITS2
158,NA,epi_m30,m30,epiphyte,38.522315,-111.75049,48.169807,118.783021,NA,./Data/Raw/6083_158_R1_fullseq.fastq.gz,./Data/Raw/6083_158_R2_fullseq.fastq.gz,PRJNA1076591,SRP489788,SRR32913701,38.522315 N 111.75049 W,2024,158_2024,2024,ITS2
159,NA,epi_m9,m9,epiphyte,38.526996,-111.746262,26.802097,3.957185,NA,./Data/Raw/6083_159_R1_fullseq.fastq.gz,./Data/Raw/6083_159_R2_fullseq.fastq.gz,PRJNA1076591,SRP489788,SRR32913700,38.526996 N 111.746262 W,2024,159_2024,2024,ITS2
160,NA,epi_m1,m1,epiphyte,38.529367,-111.743745,112.807886,345.909453,NA,./Data/Raw/6083_160_S160_R1_001.fastq.gz,./Data/Raw/6083_160_S160_R2_001.fastq.gz,PRJNA1076591,SRP489788,SRR32913699,38.529367 N 111.743745 W,2024,160_2024,2024,ITS2
161,NA,epi_l38,l38,epiphyte,38.523257,-111.752541,24.061823,23.284508,NA,./Data/Raw/6083_161_R1_fullseq.fastq.gz,./Data/Raw/6083_161_R2_fullseq.fastq.gz,PRJNA1076591,SRP489788,SRR32913697,38.523257 N 111.752541 W,2024,161_2024,2024,ITS2
162,NA,epi_l37,l37,epiphyte,38.523454,-111.752123,15.787215,41.109476,NA,./Data/Raw/6083_162_S162_R1_001.fastq.gz,./Data/Raw/6083_162_S162_R2_001.fastq.gz,PRJNA1076591,SRP489788,SRR32913696,38.523454 N 111.752123 W,2024,162_2024,2024,ITS2
163,NA,epi_l5,l5,epiphyte,38.529803,-111.746079,22.160609,269.608145,NA,./Data/Raw/6083_163_S163_R1_001.fastq.gz,./Data/Raw/6083_163_S163_R2_001.fastq.gz,PRJNA1076591,SRP489788,SRR32913695,38.529803 N 111.746079 W,2024,163_2024,2024,ITS2
164,NA,epi_m24,m24,epiphyte,38.523224,-111.748895,48.925918,32.213121,NA,./Data/Raw/6083_164_S164_R1_001.fastq.gz,./Data/Raw/6083_164_S164_R2_001.fastq.gz,PRJNA1076591,SRP489788,SRR32913694,38.523224 N 111.748895 W,2024,164_2024,2024,ITS2
165,NA,epi_m13,m13,epiphyte,38.526438,-111.747076,88.612042,54.792539,NA,./Data/Raw/6083_165_R1_fullseq.fastq.gz,./Data/Raw/6083_165_R2_fullseq.fastq.gz,PRJNA1076591,SRP489788,SRR32913766,38.526438 N 111.747076 W,2024,165_2024,2024,ITS2
166,NA,epi_m3,m3,epiphyte,38.528725,-111.744434,31.203764,252.605941,NA,./Data/Raw/6083_166_R1_fullseq.fastq.gz,./Data/Raw/6083_166_R2_fullseq.fastq.gz,PRJNA1076591,SRP489788,SRR32913765,38.528725 N 111.744434 W,2024,166_2024,2024,ITS2
167,NA,epi_m21,m21,epiphyte,38.524271,-111.748253,38.696205,48.906275,NA,./Data/Raw/6083_167_S167_R1_001.fastq.gz,./Data/Raw/6083_167_S167_R2_001.fastq.gz,PRJNA1076591,SRP489788,SRR32913764,38.524271 N 111.748253 W,2024,167_2024,2024,ITS2
168,NA,epi_m17,m17,epiphyte,38.525489,-111.747777,80.662872,41.874077,NA,./Data/Raw/6083_168_S168_R1_001.fastq.gz,./Data/Raw/6083_168_S168_R2_001.fastq.gz,PRJNA1076591,SRP489788,SRR32913763,38.525489 N 111.747777 W,2024,168_2024,2024,ITS2
169,NA,epi_l40,l40,epiphyte,38.522775,-111.753148,52.297897,47.273282,NA,./Data/Raw/6083_169_S169_R1_001.fastq.gz,./Data/Raw/6083_169_S169_R2_001.fastq.gz,PRJNA1076591,SRP489788,SRR32913762,38.522775 N 111.753148 W,2024,169_2024,2024,ITS2
170,NA,epi_l36,l36,epiphyte,38.523638,-111.751832,38.722125,40.217262,NA,./Data/Raw/6083_170_S170_R1_001.fastq.gz,./Data/Raw/6083_170_S170_R2_001.fastq.gz,PRJNA1076591,SRP489788,SRR32913761,38.523638 N 111.751832 W,2024,170_2024,2024,ITS2
171,NA,epi_l17,l17,epiphyte,38.527367,-111.748577,84.326693,5.57022,NA,./Data/Raw/6083_171_S171_R1_001.fastq.gz,./Data/Raw/6083_171_S171_R2_001.fastq.gz,PRJNA1076591,SRP489788,SRR32913759,38.527367 N 111.748577 W,2024,171_2024,2024,ITS2
172,NA,epi_m31,m31,epiphyte,38.522148,-111.750764,72.235474,145.103769,NA,./Data/Raw/6083_172_R1_fullseq.fastq.gz,./Data/Raw/6083_172_R2_fullseq.fastq.gz,PRJNA1076591,SRP489788,SRR32913758,38.522148 N 111.750764 W,2024,172_2024,2024,ITS2
173,NA,epi_m23,m23,epiphyte,38.523447,-111.748455,31.180885,13.837332,NA,./Data/Raw/6083_173_S173_R1_001.fastq.gz,./Data/Raw/6083_173_S173_R2_001.fastq.gz,PRJNA1076591,SRP489788,SRR32913757,38.523447 N 111.748455 W,2024,173_2024,2024,ITS2
174,NA,epi_m19,m19,epiphyte,38.524882,-111.747428,21.438748,25.849718,NA,./Data/Raw/6083_174_S174_R1_001.fastq.gz,./Data/Raw/6083_174_S174_R2_001.fastq.gz,PRJNA1076591,SRP489788,SRR32913756,38.524882 N 111.747428 W,2024,174_2024,2024,ITS2
175,NA,epi_m7,m7,epiphyte,38.527649,-111.7455,54.259826,101.144518,NA,./Data/Raw/6083_175_R1_fullseq.fastq.gz,./Data/Raw/6083_175_R2_fullseq.fastq.gz,PRJNA1076591,SRP489788,SRR32913755,38.527649 N 111.7455 W,2024,175_2024,2024,ITS2
176,NA,epi_l34,l34,epiphyte,38.524174,-111.751448,78.935867,70.081629,NA,./Data/Raw/6083_176_R1_fullseq.fastq.gz,./Data/Raw/6083_176_R2_fullseq.fastq.gz,PRJNA1076591,SRP489788,SRR32913754,38.524174 N 111.751448 W,2024,176_2024,2024,ITS2
177,NA,epi_l35,l35,epiphyte,38.523875,-111.751544,63.942698,48.513251,NA,./Data/Raw/6083_177_R1_fullseq.fastq.gz,./Data/Raw/6083_177_R2_fullseq.fastq.gz,PRJNA1076591,SRP489788,SRR32913753,38.523875 N 111.751544 W,2024,177_2024,2024,ITS2
178,NA,epi_l29,l29,epiphyte,38.525127,-111.750063,222.48506,69.562123,NA,./Data/Raw/6083_178_S178_R1_001.fastq.gz,./Data/Raw/6083_178_S178_R2_001.fastq.gz,PRJNA1076591,SRP489788,SRR32913752,38.525127 N 111.750063 W,2024,178_2024,2024,ITS2
179,NA,epi_m5,m5,epiphyte,38.528178,-111.744857,5.254478,182.351191,NA,./Data/Raw/6083_179_R1_fullseq.fastq.gz,./Data/Raw/6083_179_R2_fullseq.fastq.gz,PRJNA1076591,SRP489788,SRR32913751,38.528178 N 111.744857 W,2024,179_2024,2024,ITS2
180,NA,epi_l11,l11,epiphyte,38.528376,-111.747506,91.274612,102.116082,NA,./Data/Raw/6083_180_R1_fullseq.fastq.gz,./Data/Raw/6083_180_R2_fullseq.fastq.gz,PRJNA1076591,SRP489788,SRR32913750,38.528376 N 111.747506 W,2024,180_2024,2024,ITS2
181,NA,epi_l30,l30,epiphyte,38.524928,-111.750334,202.168457,70.731864,NA,./Data/Raw/6083_181_S181_R1_001.fastq.gz,./Data/Raw/6083_181_S181_R2_001.fastq.gz,PRJNA1076591,SRP489788,SRR32913748,38.524928 N 111.750334 W,2024,181_2024,2024,ITS2
182,NA,epi_l39,l39,epiphyte,38.522893,-111.752675,35.241088,8.523096,NA,./Data/Raw/6083_182_R1_fullseq.fastq.gz,./Data/Raw/6083_182_R2_fullseq.fastq.gz,PRJNA1076591,SRP489788,SRR32913747,38.522893 N 111.752675 W,2024,182_2024,2024,ITS2
183,NA,epi_m11,m11,epiphyte,38.527039,-111.746947,86.647467,31.865124,NA,./Data/Raw/6083_183_R1_fullseq.fastq.gz,./Data/Raw/6083_183_R2_fullseq.fastq.gz,PRJNA1076591,SRP489788,SRR32913746,38.527039 N 111.746947 W,2024,183_2024,2024,ITS2
184,NA,epi_m22,m22,epiphyte,38.523887,-111.748406,25.169958,36.584742,NA,./Data/Raw/6083_184_R1_fullseq.fastq.gz,./Data/Raw/6083_184_R2_fullseq.fastq.gz,PRJNA1076591,SRP489788,SRR32913745,38.523887 N 111.748406 W,2024,184_2024,2024,ITS2
185,NA,epi_m15,m15,epiphyte,38.526038,-111.747528,101.306855,39.384295,NA,./Data/Raw/6083_185_R1_fullseq.fastq.gz,./Data/Raw/6083_185_R2_fullseq.fastq.gz,PRJNA1076591,SRP489788,SRR32913744,38.526038 N 111.747528 W,2024,185_2024,2024,ITS2
186,NA,epi_l25,l25,epiphyte,38.526229,-111.749269,155.933497,74.377409,NA,./Data/Raw/6083_186_R1_fullseq.fastq.gz,./Data/Raw/6083_186_R2_fullseq.fastq.gz,PRJNA1076591,SRP489788,SRR32913743,38.526229 N 111.749269 W,2024,186_2024,2024,ITS2
187,NA,epi_l3,l3,epiphyte,38.530229,-111.745783,75.995933,322.928938,NA,./Data/Raw/6083_187_S187_R1_001.fastq.gz,./Data/Raw/6083_187_S187_R2_001.fastq.gz,PRJNA1076591,SRP489788,SRR32913669,38.530229 N 111.745783 W,2024,187_2024,2024,ITS2
188,NA,epi_m27,m27,epiphyte,38.522761,-111.749779,32.333182,41.849439,NA,./Data/Raw/6083_188_R1_fullseq.fastq.gz,./Data/Raw/6083_188_R2_fullseq.fastq.gz,PRJNA1076591,SRP489788,SRR32913668,38.522761 N 111.749779 W,2024,188_2024,2024,ITS2
189,NA,epi_l21,l21,epiphyte,38.526872,-111.748888,98.644814,48.445973,NA,./Data/Raw/6083_189_R1_fullseq.fastq.gz,./Data/Raw/6083_189_R2_fullseq.fastq.gz,PRJNA1076591,SRP489788,SRR32913667,38.526872 N 111.748888 W,2024,189_2024,2024,ITS2
190,NA,epi_l33,l33,epiphyte,38.524306,-111.75105,116.571643,58.748946,NA,./Data/Raw/6083_190_R1_fullseq.fastq.gz,./Data/Raw/6083_190_R2_fullseq.fastq.gz,PRJNA1076591,SRP489788,SRR32913666,38.524306 N 111.75105 W,2024,190_2024,2024,ITS2
191,NA,epi_l7,l7,epiphyte,38.529245,-111.746801,43.368543,194.645662,NA,./Data/Raw/6083_191_R1_fullseq.fastq.gz,./Data/Raw/6083_191_R2_fullseq.fastq.gz,PRJNA1076591,SRP489788,SRR32913664,38.529245 N 111.746801 W,2024,191_2024,2024,ITS2
192,NA,epi_l23,l23,epiphyte,38.526635,-111.749049,116.250605,74.440691,NA,./Data/Raw/6083_192_S196_R1_001.fastq.gz,./Data/Raw/6083_192_S196_R2_001.fastq.gz,PRJNA1076591,SRP489788,SRR32913663,38.526635 N 111.749049 W,2024,192_2024,2024,ITS2
193,NA,epi_l26,l26,epiphyte,38.525943,-111.749342,186.979641,65.61741,NA,./Data/Raw/6083_193_R1_fullseq.fastq.gz,./Data/Raw/6083_193_R2_fullseq.fastq.gz,PRJNA1076591,SRP489788,SRR32913662,38.525943 N 111.749342 W,2024,193_2024,2024,ITS2
194,NA,epi_l32,l32,epiphyte,38.524589,-111.750914,139.93942,74.252132,NA,./Data/Raw/6083_194_R1_fullseq.fastq.gz,./Data/Raw/6083_194_R2_fullseq.fastq.gz,PRJNA1076591,SRP489788,SRR32913661,38.524589 N 111.750914 W,2024,194_2024,2024,ITS2
195,NA,epi_l15,l15,epiphyte,38.527542,-111.748205,108.994863,37.881213,NA,./Data/Raw/6083_195_R1_fullseq.fastq.gz,./Data/Raw/6083_195_R2_fullseq.fastq.gz,PRJNA1076591,SRP489788,SRR32913660,38.527542 N 111.748205 W,2024,195_2024,2024,ITS2
196,NA,epi_m29,m29,epiphyte,38.522291,-111.750466,46.072521,119.528003,NA,./Data/Raw/6083_196_S200_R1_001.fastq.gz,./Data/Raw/6083_196_S200_R2_001.fastq.gz,PRJNA1076591,SRP489788,SRR32913659,38.522291 N 111.750466 W,2024,196_2024,2024,ITS2
